% Model,2D.mph
% Version,COMSOL 6.1.0.282
% Date,"May 24 2023, 14:48"
% Table,Accumulated Probe Table 2 - 
% d0 (mm),freq (GHz),"Electric field norm (V/m), Boundary Probe 1"
1,1,0.4016508576531872
1,2,0.39224786821564517
1,3,0.34625839348240434
1,4,0.3748048327393708
1,5,0.3457207105125946
1,6,0.3792940013397486
1,7,0.4199186131434218
1,8,0.4396409159143929
1,9,0.42088961991574203
1,10,0.540332202542831
1,11,0.6976490329708568
1,12,0.755694662745003
1,13,0.8299003499631439
1,14,0.9731065314420598
1,15.000000000000002,0.8161644996080921
1,16,0.7957327057485545
1,17,0.9394932203133972
1,18,1.0376195926588243
1,19,0.999127979432352
1,20,1.4809212014996551
1,21,1.3423575941574317
1,22,1.0285486959159393
1,23,0.9568900770886513
1,24,1.0287070398619271
1,25,0.7926710089622034
2,1,0.40085411400362825
2,2,0.39264051593105054
2,3,0.34618818693412584
2,4,0.377025484962275
2,5,0.34936820255894
2,6,0.3806152226853616
2,7,0.42336424140324885
2,8,0.4438936276916612
2,9,0.420913426450253
2,10,0.5204941601802012
2,11,0.6686231479427328
2,12,0.7245483170249988
2,13,0.8093064030949766
2,14,0.9747519583744298
2,15.000000000000002,0.8360904069414851
2,16,0.7690281701544045
2,17,0.9486878920055164
2,18,1.0276280456906342
2,19,0.9811632798577551
2,20,1.495127258332663
2,21,1.375330963273465
2,22,1.0160034380896261
2,23,0.9439951892650953
2,24,1.025436750388393
2,25,0.7947133333819384
3,1,0.4002591987647056
3,2,0.39318663043486257
3,3,0.3464205889365182
3,4,0.3785521878061296
3,5,0.35419727523377437
3,6,0.37850594615965505
3,7,0.4202085920503728
3,8,0.44427427568216027
3,9,0.4201916112066952
3,10,0.5285717645294334
3,11,0.676570994265128
3,12,0.7382968764718568
3,13,0.827347011326592
3,14,0.9583554077537018
3,15.000000000000002,0.8261499656836235
3,16,0.7833130708388479
3,17,0.9465349181680229
3,18,1.0266154781670473
3,19,0.9766531539428541
3,20,1.4545875679016778
3,21,1.3532339271546052
3,22,1.016905157972556
3,23,0.9497620823997347
3,24,1.0339652482357458
3,25,0.794251173347045
4,1,0.3998672448529714
4,2,0.39398081907078164
4,3,0.34681403685260265
4,4,0.3820569063006952
4,5,0.3587139069111814
4,6,0.3780654253420174
4,7,0.4281402230861494
4,8,0.4491499917565181
4,9,0.42534712056272783
4,10,0.5247638643174014
4,11,0.7178111310159021
4,12,0.7469481624238747
4,13,0.8511398109546002
4,14,0.987743040342497
4,15.000000000000002,0.8503432551591102
4,16,0.8488931776737684
4,17,0.9274991857553053
4,18,1.040902643761636
4,19,1.0113940485949424
4,20,1.4932950356081216
4,21,1.3452620517920697
4,22,1.0221850839321838
4,23,0.952525108180938
4,24,1.0252941351402167
4,25,0.785573915131064
5,1,0.39967241118377
5,2,0.39501158923506946
5,3,0.3472455523476776
5,4,0.38517815335376504
5,5,0.35915699264708534
5,6,0.3774067657494158
5,7,0.4285204125683452
5,8,0.44310577423469233
5,9,0.43213611744549796
5,10,0.5269146285842823
5,11,0.6846225134891211
5,12,0.7493466737362932
5,13,0.8349712671620838
5,14,0.9860686560023446
5,15.000000000000002,0.8602550579884582
5,16,0.8514973658136413
5,17,0.9114291381717347
5,18,1.025534606953358
5,19,0.9830204215301523
5,20,1.4528143106639853
5,21,1.3842002052539877
5,22,1.007304356364586
5,23,0.9513656681319572
5,24,1.0121229545737433
5,25,0.7988192995630017
6,1,0.39966818921109015
6,2,0.3963426795244351
6,3,0.3476688221854167
6,4,0.3864670211402305
6,5,0.35935751238182834
6,6,0.37208022196084584
6,7,0.4310047906215775
6,8,0.44061733978912726
6,9,0.4234534366187014
6,10,0.5145276675731524
6,11,0.6868131008594238
6,12,0.7332531182824478
6,13,0.8003178253984251
6,14,0.9811188610788971
6,15.000000000000002,0.8349481864788918
6,16,0.7876575084966309
6,17,0.9217988595446162
6,18,1.0347737465568414
6,19,0.985852882016916
6,20,1.4676583538718406
6,21,1.357479384113004
6,22,1.0176452764041466
6,23,0.9415232639065123
6,24,1.0200684202115997
6,25,0.7837405693080465
7,1,0.39984118953036046
7,2,0.3978979435773161
7,3,0.3480318531615106
7,4,0.3874190301396208
7,5,0.35585678727574416
7,6,0.36987133229924773
7,7,0.4269120473563191
7,8,0.43482295014203903
7,9,0.43281143930052285
7,10,0.5237445548228691
7,11,0.6537070743326755
7,12,0.7146591355648897
7,13,0.8218473916673174
7,14,0.9997414177047491
7,15.000000000000002,0.9039719583446657
7,16,0.8016383598246553
7,17,0.8811448681918039
7,18,0.9951749780088714
7,19,0.9563450375230986
7,20,1.452711739003806
7,21,1.3762903898662846
7,22,1.042373180767654
7,23,0.967558994093991
7,24,1.022714731187673
7,25,0.8158273465228247
8,1,0.40017768588675623
8,2,0.3996165673131987
8,3,0.3482178795634369
8,4,0.3844715232958456
8,5,0.3513232688118094
8,6,0.36586251280519927
8,7,0.4288893709246069
8,8,0.4236144071627323
8,9,0.41700610919502734
8,10,0.525496548473299
8,11,0.639124744780853
8,12,0.724250291363793
8,13,0.8146704163553335
8,14,0.9796642666298672
8,15.000000000000002,0.8557403118042833
8,16,0.7350553502265252
8,17,0.8894314860051133
8,18,0.9957176795515125
8,19,0.9786583262915514
8,20,1.4423636021253359
8,21,1.3822179101034153
8,22,1.0277896055630669
8,23,0.9523052442004512
8,24,1.0347719493846597
8,25,0.7897496341019301
9,1,0.40065782371742753
9,2,0.40139755750979755
9,3,0.3480141159197254
9,4,0.381358217483119
9,5,0.34932903835411416
9,6,0.36252016933270187
9,7,0.4275683148791986
9,8,0.426276762880971
9,9,0.41921638549216456
9,10,0.5369630177891661
9,11,0.6690338393112331
9,12,0.7570352580422374
9,13,0.8447188230249337
9,14,0.9408915134357424
9,15.000000000000002,0.8366580330766344
9,16,0.801258719199984
9,17,0.8955867065744724
9,18,1.0117825175026092
9,19,0.9651481304300102
9,20,1.4591985942007348
9,21,1.320765323052671
9,22,1.0046278512145765
9,23,0.9279218248952376
9,24,1.0022301931544837
9,25,0.7754259693941505
10,1,0.40125980958092383
10,2,0.40313777774271475
10,3,0.3470023260265164
10,4,0.37640652499462895
10,5,0.3444932764261434
10,6,0.363222739382775
10,7,0.4270259979979167
10,8,0.4146869401698045
10,9,0.42617660824027725
10,10,0.5297244993909616
10,11,0.6727363293175481
10,12,0.7608422332233774
10,13,0.8118725652841406
10,14,0.9609458963862356
10,15.000000000000002,0.8883728171593626
10,16,0.8255391941351446
10,17,0.8947103029648371
10,18,1.004768627847008
10,19,0.9773786656550786
10,20,1.455610691349291
10,21,1.3558538011986456
10,22,0.9932826761394382
10,23,0.9472515655369657
10,24,1.005675380555868
10,25,0.7908988223824351
11,1,0.40195873306618857
11,2,0.40461575741872957
11,3,0.34514232721347876
11,4,0.3712409385022859
11,5,0.3399019650167308
11,6,0.3645746611895637
11,7,0.42293063920799434
11,8,0.41743000841366473
11,9,0.42475993350112584
11,10,0.5275124989161364
11,11,0.6517109366058493
11,12,0.7455913376742797
11,13,0.8000176075305573
11,14,0.9447188510222886
11,15.000000000000002,0.8106768173486381
11,16,0.7609629172950593
11,17,0.8804937414635089
11,18,1.0010542026966385
11,19,0.9692427400835992
11,20,1.4357788088062478
11,21,1.3788325048152104
11,22,1.0202673610352906
11,23,0.939856641372664
11,24,1.0165120451136003
11,25,0.7924990900689955
12,1,0.40272899530786127
12,2,0.4057246446513172
12,3,0.3434636301258521
12,4,0.36700960153208495
12,5,0.3394004099160676
12,6,0.3679927507022232
12,7,0.42492153590230414
12,8,0.43060722437139176
12,9,0.43417733241664735
12,10,0.523273190214924
12,11,0.6592453733504203
12,12,0.7126697135940752
12,13,0.8473144034865605
12,14,0.9739961928800789
12,15.000000000000002,0.8998552879682313
12,16,0.7322314672781833
12,17,0.8683614169456764
12,18,1.0094146289813826
12,19,0.9744982470160081
12,20,1.3909606910088639
12,21,1.3360978554997693
12,22,0.9941543426478364
12,23,0.9296749619849093
12,24,0.9986184096880071
12,25,0.7740522016389006
13,1,0.40354095494305986
13,2,0.4063804189253913
13,3,0.3412993768586169
13,4,0.36360623098220535
13,5,0.3392372165044446
13,6,0.37204644185090807
13,7,0.4235466636580059
13,8,0.4432630377880752
13,9,0.439759814508667
13,10,0.517153797293503
13,11,0.6442021745358252
13,12,0.6937170895098953
13,13,0.8498960800664975
13,14,0.9709565144700872
13,15.000000000000002,0.8311033793092824
13,16,0.7323627568906821
13,17,0.8863491903932716
13,18,0.9955207507338845
13,19,0.9399860332351242
13,20,1.4164998687897028
13,21,1.3191017590077858
13,22,1.001659828864857
13,23,0.9346885632835726
13,24,0.9972380939148596
13,25,0.770751658307513
14,1,0.4043660534038468
14,2,0.40625012622972495
14,3,0.338313386436903
14,4,0.36025379969932464
14,5,0.3406398943761496
14,6,0.37376170554338617
14,7,0.4198693600111634
14,8,0.44693022847152625
14,9,0.4270875884220665
14,10,0.5036633545856184
14,11,0.6182857888037636
14,12,0.7072141842400966
14,13,0.8372986448817111
14,14,0.9758623902903089
14,15.000000000000002,0.813209719674071
14,16,0.7201733761933344
14,17,0.8886859964483954
14,18,1.0001446522044393
14,19,0.9490000685606574
14,20,1.4204740878642053
14,21,1.4009308043689368
14,22,1.0226514400136355
14,23,0.9345734360909823
14,24,1.010445560755764
14,25,0.7799253907577891
15,1,0.4051745789863192
15,2,0.40531116683118434
15,3,0.3344900242587939
15,4,0.3585878810358517
15,5,0.34476116397935547
15,6,0.3740398149161495
15,7,0.4191475297679651
15,8,0.4564003110875917
15,9,0.4192512092571463
15,10,0.4956695678945739
15,11,0.6050048399311172
15,12,0.7389512954737646
15,13,0.8261161909862579
15,14,0.9774152638426241
15,15.000000000000002,0.7943747868620196
15,16,0.7211218485914328
15,17,0.8978366410258471
15,18,1.0054448752933007
15,19,0.9538838882059223
15,20,1.4672491062085835
15,21,1.345740242760745
15,22,0.9857540296742369
15,23,0.9353497437123445
15,24,0.9709556661447736
15,25,0.7802210488723935
16,1,0.4059368185113349
16,2,0.4037385867611463
16,3,0.33066697366850206
16,4,0.35759936050857855
16,5,0.3500833091242922
16,6,0.37088015112821654
16,7,0.42083316707139123
16,8,0.4561102099282459
16,9,0.41215163218863726
16,10,0.49263746369720524
16,11,0.6285154510585249
16,12,0.734738159634263
16,13,0.8327584469517343
16,14,0.9186110556152165
16,15.000000000000002,0.7727684321648912
16,16,0.6781286834245767
16,17,0.8812003372624633
16,18,1.0047147862896189
16,19,0.9409978418351921
16,20,1.4320391009108933
16,21,1.3640514513624904
16,22,1.0302716683594086
16,23,0.9391080791856716
16,24,1.0049250424273428
16,25,0.7800337041555916
17,1,0.4066242678212463
17,2,0.40208520273942583
17,3,0.3270815514892634
17,4,0.35762167970411435
17,5,0.35561471444843773
17,6,0.36726468934369405
17,7,0.42454963898618836
17,8,0.45375711134101787
17,9,0.40608238950759995
17,10,0.4997243100643182
17,11,0.6533223324439285
17,12,0.7456586691846271
17,13,0.8224323523549115
17,14,0.9300718897306278
17,15.000000000000002,0.7985264011657366
17,16,0.6666390492562506
17,17,0.8779240133229903
17,18,0.9952284837224913
17,19,0.9482197025983201
17,20,1.4029250160413351
17,21,1.3546104159619035
17,22,0.9865773054568702
17,23,0.9460841173702671
17,24,0.9730642802002281
17,25,0.8194646426112693
18,1,0.4072087328026364
18,2,0.40048018337231445
18,3,0.3241652204000603
18,4,0.3584397495669869
18,5,0.361876595364501
18,6,0.36466095019343836
18,7,0.42734984285970573
18,8,0.45111964487303263
18,9,0.41744568290797973
18,10,0.5143641616334589
18,11,0.6563507340222378
18,12,0.7484834140835456
18,13,0.8596676480810593
18,14,0.947248951367935
18,15.000000000000002,0.7536009639124988
18,16,0.7397115534806576
18,17,0.8781459180703542
18,18,0.9938786692525717
18,19,0.9486963283397174
18,20,1.3950926983747944
18,21,1.3380314164914864
18,22,0.9908055701691759
18,23,0.9473905002953925
18,24,1.0027048744708909
18,25,0.7754194111366425
19,1,0.4076640445486702
19,2,0.3989051231654601
19,3,0.32188651092617826
19,4,0.3598487118998466
19,5,0.3647674643787363
19,6,0.3587568784311203
19,7,0.4290551232284845
19,8,0.43001936817447134
19,9,0.40853329123400794
19,10,0.49232826400492036
19,11,0.6409613128890213
19,12,0.7265624414668155
19,13,0.8193333558191151
19,14,0.9455880636238065
19,15.000000000000002,0.8020030283490633
19,16,0.7088168782937859
19,17,0.8971571007163264
19,18,0.99824389750686
19,19,0.9631591247753946
19,20,1.4259193670525987
19,21,1.398531009843841
19,22,1.0191574677526503
19,23,0.9417401950464392
19,24,1.0199424485324484
19,25,0.7834161561796479
20,1,0.4079670224493901
20,2,0.39758700495372057
20,3,0.3200362716363844
20,4,0.36287539988514234
20,5,0.37490978983893747
20,6,0.35517766084250085
20,7,0.4322170297796824
20,8,0.4277179251606262
20,9,0.44806977853015106
20,10,0.5407410592309768
20,11,0.7125298050691209
20,12,0.7563838528706179
20,13,0.8024060869669556
20,14,0.9349912701696342
20,15.000000000000002,0.8829632115838144
20,16,0.7357630991105724
20,17,0.8692719910835645
20,18,1.0174377956912224
20,19,0.9439963276520013
20,20,1.4034997510693183
20,21,1.3863988008651436
20,22,0.9801803837702541
20,23,0.9321200270202639
20,24,0.9579410977668863
20,25,0.8137475385780342
21,1,0.40809280764037825
21,2,0.3958587444207957
21,3,0.31893560736401105
21,4,0.36516507968102707
21,5,0.37317117472596567
21,6,0.351242834821739
21,7,0.4307229395049556
21,8,0.4307928482247764
21,9,0.44944167262562024
21,10,0.5419137140624681
21,11,0.6908347046620882
21,12,0.7078602582863616
21,13,0.8066370489581257
21,14,0.9354432855470572
21,15.000000000000002,0.769541522388925
21,16,0.7647758719532594
21,17,0.8525223196233724
21,18,0.9883833960091435
21,19,0.9569588838957268
21,20,1.4167225169178657
21,21,1.3026083431577797
21,22,1.0058556319070093
21,23,0.9194208417544143
21,24,0.9838510922324135
21,25,0.7653544946776611
22,1,0.408022342963837
22,2,0.3938254918020195
22,3,0.3183811780558387
22,4,0.3669767042560008
22,5,0.3697465692940768
22,6,0.3522983472752999
22,7,0.42368971342139655
22,8,0.43371515737617367
22,9,0.47445718845332957
22,10,0.5284081867075108
22,11,0.6643393021863796
22,12,0.717561233489006
22,13,0.8126930603955385
22,14,0.8998642403789702
22,15.000000000000002,0.800064248964529
22,16,0.7646123725314072
22,17,0.8058400530818767
22,18,0.9696374232642112
22,19,0.9306168637967431
22,20,1.3983656791576775
22,21,1.3185524005401548
22,22,0.9987037292444413
22,23,0.9263508319273784
22,24,0.9946864854139269
22,25,0.7757128810907366
23,1,0.4077366701562518
23,2,0.3915816349203445
23,3,0.3184413476490666
23,4,0.36806295347947804
23,5,0.3635139684318552
23,6,0.34796356670350936
23,7,0.41383146050901815
23,8,0.4371182721297652
23,9,0.46185660132990175
23,10,0.5119871881682071
23,11,0.6140913381988756
23,12,0.6983522517067178
23,13,0.751386026201696
23,14,0.8872661513807171
23,15.000000000000002,0.8249982356827489
23,16,0.750868763551319
23,17,0.8673939945810794
23,18,0.9889505328593116
23,19,0.9030373464388496
23,20,1.3882318539957592
23,21,1.3500537951306641
23,22,1.0334637361904495
23,23,0.9359514904306714
23,24,1.00839252735776
23,25,0.7853536658274246
24,1,0.4072204538397692
24,2,0.38952194102872867
24,3,0.31912724503618334
24,4,0.3699166242937457
24,5,0.3591562936838114
24,6,0.3498994245275367
24,7,0.40925459978975454
24,8,0.46219437284287795
24,9,0.4619610321353815
24,10,0.5043588985603625
24,11,0.6073475556263256
24,12,0.7007758974715682
24,13,0.7988667590463889
24,14,0.9280104828638583
24,15.000000000000002,0.8410534290858831
24,16,0.8090210552478994
24,17,0.8609274931010085
24,18,0.9867883817735459
24,19,0.9348334905333485
24,20,1.328399271961673
24,21,1.3559931468778914
24,22,0.9944215176914611
24,23,0.9212291981717271
24,24,1.0109692730274429
24,25,0.7807545908322054
25,1,0.4064596410749712
25,2,0.3874215412358711
25,3,0.32047750875648057
25,4,0.3721437555512808
25,5,0.354849961925571
25,6,0.353252290463503
25,7,0.4056553186002677
25,8,0.4697479467511267
25,9,0.4414717347632328
25,10,0.49582327034258167
25,11,0.5721690143691383
25,12,0.6774236258840249
25,13,0.7819114922769178
25,14,0.9457993110266704
25,15.000000000000002,0.8334688784937118
25,16,0.7112278974290325
25,17,0.8927294987927294
25,18,0.999008335775469
25,19,0.9701834527268873
25,20,1.4226550142374674
25,21,1.2849904003468395
25,22,0.9538293259004725
25,23,0.9011802726013239
25,24,0.978080233277506
25,25,0.7700620573875417
26,1,0.4054436553352888
26,2,0.3853974355541156
26,3,0.32303183072477587
26,4,0.3748856429996254
26,5,0.35117067913955863
26,6,0.3637426879186914
26,7,0.3985131261530659
26,8,0.47732960233778265
26,9,0.43478569103338094
26,10,0.48868841741017094
26,11,0.5591574411234936
26,12,0.6955331210626489
26,13,0.7789804316422111
26,14,0.9028190137581007
26,15.000000000000002,0.7805353553633312
26,16,0.6909678349444794
26,17,0.8942259651840881
26,18,0.95858408702519
26,19,0.9205924110008679
26,20,1.333492023878719
26,21,1.3194238849988769
26,22,0.9934354938605958
26,23,0.9324819121032527
26,24,1.0045943377977207
26,25,0.7977787686905583
27,1,0.4041697542173738
27,2,0.3835549446382512
27,3,0.3267277866503608
27,4,0.3771479693445909
27,5,0.34705402379733613
27,6,0.36567287935200304
27,7,0.3955297136970433
27,8,0.47067044334014285
27,9,0.44175998021203583
27,10,0.4834411841622057
27,11,0.5647555776662123
27,12,0.6764654140222782
27,13,0.8017414437182019
27,14,0.9356039812343149
27,15.000000000000002,0.7706485249348122
27,16,0.7102255113706831
27,17,0.890812905994219
27,18,0.9660601188095179
27,19,0.9218428805369862
27,20,1.3797914919717318
27,21,1.2863145893061398
27,22,0.9756332294271883
27,23,0.8963309517738608
27,24,0.9937285119013256
27,25,0.7697889912590905
28,1,0.4026468200971432
28,2,0.38191769498260586
28,3,0.3316928684467029
28,4,0.37488204385216867
28,5,0.3442855171471841
28,6,0.36476108716155065
28,7,0.3914465266193001
28,8,0.45854348744681156
28,9,0.44088107794503323
28,10,0.4754930911325683
28,11,0.5615916445450372
28,12,0.6710035599543087
28,13,0.7681023360632764
28,14,0.9168155115574579
28,15.000000000000002,0.7494933676407156
28,16,0.714448021570466
28,17,0.9031325011582939
28,18,0.9694079410483557
28,19,0.9163476171244532
28,20,1.385111845911799
28,21,1.356227570608205
28,22,0.9945091160065463
28,23,0.8984133560820685
28,24,1.0115624996118355
28,25,0.7878660077076215
29,1,0.4008936923386932
29,2,0.3806049454824477
29,3,0.33806776851485876
29,4,0.3686420830813155
29,5,0.3444446681247679
29,6,0.3643271169885155
29,7,0.38925333988399585
29,8,0.4466165948726567
29,9,0.45144861573600853
29,10,0.4791878537228567
29,11,0.5804633565594058
29,12,0.6642407468636892
29,13,0.7761757246154136
29,14,0.9231287434423002
29,15.000000000000002,0.7510395884473308
29,16,0.7213650190050104
29,17,0.9118777475878296
29,18,0.9609523407993158
29,19,0.924326985816225
29,20,1.3553172115757979
29,21,1.3526436503030532
29,22,1.016265736506928
29,23,0.9167120674776339
29,24,1.0205394183020626
29,25,0.7934432342861963
30,1,0.39893703317689516
30,2,0.37959875996338344
30,3,0.34528431138175186
30,4,0.3604071465701239
30,5,0.34520240743949876
30,6,0.3625819575474268
30,7,0.3831890006443358
30,8,0.4312455383756302
30,9,0.45496841437502006
30,10,0.471388108885393
30,11,0.5671358502390379
30,12,0.6564511727070819
30,13,0.6999229703040292
30,14,0.9088708613963294
30,15.000000000000002,0.7365969554169098
30,16,0.7034924470528743
30,17,0.9006008148264172
30,18,0.9700491174423719
30,19,0.9383557428233776
30,20,1.3789831337976781
30,21,1.40841838705919
30,22,1.0161064491649259
30,23,0.9599402750195435
30,24,1.0528656115678214
30,25,0.8450511542111094
31,1,0.3968247588355176
31,2,0.37896197524204306
31,3,0.3538048298790745
31,4,0.3520909029527206
31,5,0.3521622537800576
31,6,0.36602020522735057
31,7,0.3811633219643724
31,8,0.4147022853507317
31,9,0.4677349193074525
31,10,0.5286864214397313
31,11,0.5736315806310668
31,12,0.7439112762548742
31,13,0.7463924280312552
31,14,0.9434470555700704
31,15.000000000000002,0.7783821493147105
31,16,0.6844114689195765
31,17,0.8192557596064065
31,18,1.0246354614784403
31,19,0.9324530180615249
31,20,1.2920877781878273
31,21,1.455426783183716
31,22,1.0648160138894105
31,23,0.9709835088664857
31,24,1.0444083600286254
31,25,0.8409916340444865
32,1,0.3945899880171601
32,2,0.3787400864748374
32,3,0.36241704725980645
32,4,0.3456484544005271
32,5,0.3538588204865461
32,6,0.36516573997590435
32,7,0.40407164355237146
32,8,0.39817343764099966
32,9,0.4708164979719139
32,10,0.5642978191626479
32,11,0.5823226643554636
32,12,0.6771626237906945
32,13,0.8279653345182492
32,14,0.8758239334096234
32,15.000000000000002,0.7429511482317613
32,16,0.7048725377927391
32,17,0.8659176524488412
32,18,0.9989210759442836
32,19,0.9522239935327034
32,20,1.348208512521239
32,21,1.3944756622386205
32,22,0.9728479651105332
32,23,0.9218481704513121
32,24,1.013274474104338
32,25,0.817783762728985
33,1,0.39224587342568307
33,2,0.3787512509090389
33,3,0.37079283855797396
33,4,0.33718561645566913
33,5,0.3621223012321862
33,6,0.36690554444558726
33,7,0.41256206041963384
33,8,0.4053504272372788
33,9,0.45698375519841383
33,10,0.5631417129799549
33,11,0.5919464565545308
33,12,0.7095650295595085
33,13,0.757867772650205
33,14,0.8810980365527952
33,15.000000000000002,0.7692693158310138
33,16,0.6791611184369003
33,17,0.910129555859457
33,18,0.9648885524516051
33,19,0.9225450149659452
33,20,1.3783799136356238
33,21,1.3061414918409655
33,22,0.9865832355720258
33,23,0.9421747459450353
33,24,0.9865423706487646
33,25,0.7911463230806839
34,1,0.38981260596765804
34,2,0.3789490107057886
34,3,0.377284395892618
34,4,0.3316427280798787
34,5,0.36589499922938795
34,6,0.36476713442920156
34,7,0.39846018119574345
34,8,0.4117434572617561
34,9,0.4523822488952865
34,10,0.5739818863410008
34,11,0.5863359950041097
34,12,0.649690901938042
34,13,0.7465303663131886
34,14,0.8389783375722681
34,15.000000000000002,0.7184669863513365
34,16,0.6690905814830659
34,17,0.8714367662761773
34,18,0.9584231401439727
34,19,0.9409112638579922
34,20,1.3589046854745508
34,21,1.3649976871836358
34,22,1.0110420247755392
34,23,0.9894457415598868
34,24,1.00819304135526
34,25,0.8086019942232793
35,1,0.38731868158628574
35,2,0.37944183056888864
35,3,0.38080290400440503
35,4,0.32602101062971856
35,5,0.36750853847971443
35,6,0.36428173614657167
35,7,0.3941846423309661
35,8,0.41562023780677465
35,9,0.4319382698331919
35,10,0.5549026421840693
35,11,0.5735364845521748
35,12,0.6563248116469651
35,13,0.734739259850527
35,14,0.8665243104557235
35,15.000000000000002,0.7514263467786457
35,16,0.6806886975155748
35,17,0.9323409123755285
35,18,0.9537232604784698
35,19,0.8981553942742514
35,20,1.3570913505705877
35,21,1.4112452419745685
35,22,1.0344778424290328
35,23,0.9706569114369027
35,24,1.0262591664626435
35,25,0.8112119737176979
36,1,0.38479664245803635
36,2,0.38013361399880286
36,3,0.3829063268702743
36,4,0.32170011838881873
36,5,0.3710388824886273
36,6,0.36501955024153965
36,7,0.38204952836846223
36,8,0.44354502940507584
36,9,0.421269898025022
36,10,0.5698015540779476
36,11,0.5913198148314879
36,12,0.7134771570019511
36,13,0.7978589062631004
36,14,0.8502633025906859
36,15.000000000000002,0.7841369734482387
36,16,0.6589738625347444
36,17,0.8232026514804426
36,18,0.9841724723538581
36,19,0.9137660935591544
36,20,1.2513344051330348
36,21,1.3990561024603392
36,22,1.0636968991640052
36,23,0.9192077190193101
36,24,1.0206238817085231
36,25,0.8084366948428953
37,1,0.3822760543491554
37,2,0.3810388107392072
37,3,0.38237490588931033
37,4,0.3189948963267789
37,5,0.3749700018609384
37,6,0.3648827118610207
37,7,0.3656080540248884
37,8,0.45499717224821534
37,9,0.43358487984278865
37,10,0.6109884320579074
37,11,0.5956571536566336
37,12,0.6696735523613917
37,13,0.905085872998326
37,14,0.8288089910918929
37,15.000000000000002,0.7926040514756411
37,16,0.6916774146565078
37,17,0.8006627460607293
37,18,0.9780325922653061
37,19,0.9627817651090881
37,20,1.3955010591284507
37,21,1.3532941044528464
37,22,1.0394877879527216
37,23,0.9983998354331747
37,24,1.067626275272103
37,25,0.8389378187104106
38,1,0.3797783793053691
38,2,0.3821757600167856
38,3,0.37803939783290963
38,4,0.31858674299272915
38,5,0.37566404290718114
38,6,0.3642075878137692
38,7,0.36816196005431395
38,8,0.44915417603641866
38,9,0.4272365930900029
38,10,0.5385312583510108
38,11,0.5871244326407862
38,12,0.7151657459325078
38,13,0.7945983262424243
38,14,0.8961121439122799
38,15.000000000000002,0.7561414373686441
38,16,0.7244269415726043
38,17,0.9032534933763565
38,18,0.943689723483631
38,19,1.017609901233969
38,20,1.3966420038342124
38,21,1.361921362000632
38,22,1.0180958441756855
38,23,0.9690541784043286
38,24,1.0870134515029188
38,25,0.8578486437726135
39,1,0.3773143247656028
39,2,0.38354154329083145
39,3,0.36878164611240644
39,4,0.32056735894934035
39,5,0.3708212305774407
39,6,0.3685101474767352
39,7,0.3695054480157729
39,8,0.4380609354761682
39,9,0.4468013984966586
39,10,0.550467217835986
39,11,0.5781556503118569
39,12,0.7263985523509955
39,13,0.7881423789730183
39,14,0.9200802772579518
39,15.000000000000002,0.740045634835028
39,16,0.6291845649994962
39,17,0.845047760799695
39,18,0.9390847004134206
39,19,0.9834697679350818
39,20,1.3368194906492985
39,21,1.3728038063980146
39,22,0.9946370202117838
39,23,1.0193628621687458
39,24,1.0300287508190396
39,25,0.8521801675682618
40,1,0.37488547053217597
40,2,0.38527130127572895
40,3,0.3574802858266212
40,4,0.32601983092118153
40,5,0.36538575303021203
40,6,0.3721900789515308
40,7,0.37214273593128183
40,8,0.4116657898864101
40,9,0.4605687877841655
40,10,0.5416500132221863
40,11,0.6108711832868069
40,12,0.722360901350158
40,13,0.8525553720662951
40,14,1.0073038328140826
40,15.000000000000002,0.8023892655797121
40,16,0.6726319895201897
40,17,0.8175577274931006
40,18,0.9548821657811106
40,19,0.9535765495572446
40,20,1.374635096790934
40,21,1.3154601455898012
40,22,0.9875044942353758
40,23,0.9128239167599415
40,24,1.0170911193399976
40,25,0.8278484495258248
41,1,0.37248193367046134
41,2,0.3877316462026186
41,3,0.3466836076196535
41,4,0.3318276819655238
41,5,0.35506499852409773
41,6,0.3720642197401887
41,7,0.38025076769220323
41,8,0.38611685102181226
41,9,0.42835800656489
41,10,0.505348083515152
41,11,0.5753007167278207
41,12,0.7191240933870569
41,13,0.7832673805374699
41,14,0.8996103401608709
41,15.000000000000002,0.7683891169749852
41,16,0.7263213815192283
41,17,0.823429498573601
41,18,0.9316483795325162
41,19,0.910987181140533
41,20,1.3308249735298465
41,21,1.2977753213373389
41,22,0.9729015816087262
41,23,1.0364890421263944
41,24,1.094252130412975
41,25,0.8399513334748325
42,1,0.3700895784096532
42,2,0.3915668426227613
42,3,0.3363367511409518
42,4,0.3411623047018369
42,5,0.3447595302687631
42,6,0.3761019253723196
42,7,0.3997759395799112
42,8,0.36983673384273535
42,9,0.44506704067912367
42,10,0.5428466255214617
42,11,0.5815300779860467
42,12,0.7003848010517174
42,13,0.9910245392114229
42,14,0.9065822141673378
42,15.000000000000002,0.809012397157707
42,16,0.6493409377783705
42,17,0.9697104121406657
42,18,0.9269541660309255
42,19,1.0046274925061118
42,20,1.3174287837853553
42,21,1.3372081509300422
42,22,1.0016755217666369
42,23,0.9145656612272665
42,24,1.0351626902326863
42,25,0.8079477524309052
43,1,0.36768748861377554
43,2,0.3963074281497497
43,3,0.3282047052318137
43,4,0.3501091337344662
43,5,0.332459785054046
43,6,0.37596764785952674
43,7,0.40772258753305257
43,8,0.36021256522197953
43,9,0.4277380084918957
43,10,0.5498605666331733
43,11,0.5787723428359189
43,12,0.6670675212092277
43,13,0.9043815119522327
43,14,0.8810340901420283
43,15.000000000000002,0.7270586315132974
43,16,0.6545974759121486
43,17,0.9838553914214718
43,18,0.9752145042869846
43,19,1.0321836448199435
43,20,1.3595287020479714
43,21,1.4010923940533213
43,22,1.0003019622153662
43,23,0.9685964309769568
43,24,1.0681892574792307
43,25,0.8366934572348745
44,1,0.3652561690015562
44,2,0.40125791706125846
44,3,0.3221908794088916
44,4,0.362697241259845
44,5,0.32076044803631537
44,6,0.3692045379496809
44,7,0.41574487616281
44,8,0.35101261407129863
44,9,0.4125036521273347
44,10,0.5339394695005953
44,11,0.5804899049582803
44,12,0.6445132925402454
44,13,0.869840915803624
44,14,0.8536784061836372
44,15.000000000000002,0.7449829879277161
44,16,0.638017036398797
44,17,0.8628005320434168
44,18,1.0111116096223463
44,19,0.9410890755535116
44,20,1.3507002286449483
44,21,1.4604173666787095
44,22,1.0260982942745027
44,23,0.9860636404923223
44,24,1.094801831153468
44,25,0.859036545066766
45,1,0.3627767911891463
45,2,0.40630807922398066
45,3,0.31811550534510785
45,4,0.37637663583204906
45,5,0.31037819666523203
45,6,0.3636763191238691
45,7,0.41921434631058363
45,8,0.35066996044946985
45,9,0.396262987210639
45,10,0.5409644797992886
45,11,0.5758216844388012
45,12,0.6021442924681374
45,13,0.8214234546031502
45,14,0.8727829047479142
45,15.000000000000002,0.7803266513612671
45,16,0.6174327390203721
45,17,0.8499718311692538
45,18,0.9493364886481548
45,19,0.8787376567747364
45,20,1.3375178310403384
45,21,1.4526462848380455
45,22,1.0207542881024358
45,23,1.0289196019279996
45,24,1.0921082433606533
45,25,0.9048198442069526
46,1,0.3602327359071755
46,2,0.4113695022844241
46,3,0.31572560630893437
46,4,0.38790260049223774
46,5,0.3049219946844301
46,6,0.3576374525647729
46,7,0.41061091723022974
46,8,0.3469769925902362
46,9,0.37916101769361715
46,10,0.4914444611127508
46,11,0.5447196118385165
46,12,0.5800440619816991
46,13,0.6217846224738482
46,14,1.031791927121682
46,15.000000000000002,0.7842830542235799
46,16,0.6495591776944547
46,17,0.8322379792408833
46,18,1.0251193072366365
46,19,0.9954101133537916
46,20,1.1253880508507388
46,21,1.4899205055796751
46,22,1.182832261678853
46,23,1.1420759074023508
46,24,1.1247151488132945
46,25,0.9434565564311379
47,1,0.3576136823688302
47,2,0.41629862936134177
47,3,0.3152311259179345
47,4,0.3959830576639244
47,5,0.3050909226877214
47,6,0.35343862559742223
47,7,0.4060021197251172
47,8,0.3633376036458964
47,9,0.36589838034782574
47,10,0.4778635586811818
47,11,0.5358074723981956
47,12,0.5685588693988732
47,13,0.5644658670155661
47,14,0.9966954810618269
47,15.000000000000002,0.8439061708019806
47,16,0.6656721238260301
47,17,0.7944812021884364
47,18,0.9315975805998213
47,19,1.021476558503452
47,20,1.2661558343522865
47,21,1.6220506217148825
47,22,1.2874738552196685
47,23,1.1258062370240458
47,24,1.1672294438018829
47,25,1.0169124511305907
48,1,0.35490922053713236
48,2,0.42089090996485085
48,3,0.3167531246896918
48,4,0.3956616404564232
48,5,0.3109221389084585
48,6,0.349791196455261
48,7,0.40184250425919793
48,8,0.38889570498327736
48,9,0.3635127370967584
48,10,0.45228050618442833
48,11,0.5474772310907217
48,12,0.5888499526002007
48,13,0.6160333263275468
48,14,0.9908603874171851
48,15.000000000000002,0.847112589396663
48,16,0.6838254457412561
48,17,0.7783441262807934
48,18,0.8992449570244994
48,19,1.0652811183283462
48,20,1.1851594270563819
48,21,1.6432854042572598
48,22,1.2809778843252915
48,23,1.147520305974738
48,24,1.1477134904224002
48,25,1.0329757179460684
49,1,0.35210251684187027
49,2,0.42491966572101353
49,3,0.3225630058683566
49,4,0.3924990842926762
49,5,0.3234702382396937
49,6,0.35185706933850036
49,7,0.4090413425151016
49,8,0.43323780702759723
49,9,0.41873165579777766
49,10,0.4609241828766516
49,11,0.46791824433621526
49,12,0.5523900558266449
49,13,0.7078668349981047
49,14,0.734196253416263
49,15.000000000000002,0.8468033940315077
49,16,0.68138500140218
49,17,0.8986463012137902
49,18,1.0884223591414333
49,19,0.9909981528578838
49,20,1.0743532523792834
49,21,1.5670092147256376
49,22,1.3279830079719592
49,23,1.2263114944446936
49,24,1.1549640066306222
49,25,0.9945481854338946
50,1,0.3492056340495979
50,2,0.4276990801891157
50,3,0.32917591602396784
50,4,0.38167251673621266
50,5,0.33577050661615
50,6,0.3432112689848437
50,7,0.40456896267720566
50,8,0.44147795939703577
50,9,0.39756287721400924
50,10,0.4255769358730124
50,11,0.46034670817768575
50,12,0.4638175804195851
50,13,0.6181715436753237
50,14,0.6527649791467676
50,15.000000000000002,0.8205472980887678
50,16,0.6533346731811596
50,17,0.8388616401546305
50,18,1.065539162414949
50,19,1.046071803876813
50,20,0.909660960048342
50,21,1.4475305563706473
50,22,1.6009402739740595
50,23,1.2025688284845406
50,24,1.2129903446344505
50,25,1.0116486719198825
51,1,0.34620238110079676
51,2,0.42882356391411003
51,3,0.340315738063359
51,4,0.3641336594051788
51,5,0.3571100154581835
51,6,0.3345113201752367
51,7,0.3871351542709556
51,8,0.465777106854813
51,9,0.4869505782853022
51,10,0.5143032375760243
51,11,0.55184146864382
51,12,0.66431664991473
51,13,0.8071401913764967
51,14,0.9171044508251365
51,15.000000000000002,0.7790915503231196
51,16,0.7297901817483348
51,17,0.793567126506187
51,18,0.9401872715883243
51,19,0.8958205044985524
51,20,1.3108625165089085
51,21,1.424687198945961
51,22,1.0327874231656091
51,23,0.9589523661931141
51,24,1.0608425088019924
51,25,0.8442092197889662
52,1,0.3431018190663061
52,2,0.42780143865459425
52,3,0.3515757354698122
52,4,0.3471481956282996
52,5,0.36661776678224733
52,6,0.32857720449045824
52,7,0.3751145493464287
52,8,0.4345197575748116
52,9,0.4804814907377354
52,10,0.5136290301735366
52,11,0.5554225899061817
52,12,0.61081182186699
52,13,0.7937186224049434
52,14,0.9238418039505233
52,15.000000000000002,0.7395856951471176
52,16,0.8248372508654094
52,17,0.7892601218299141
52,18,0.9440228392624058
52,19,0.8956236866383773
52,20,1.2764438770938076
52,21,1.5050464734210391
52,22,1.0715573266473561
52,23,0.9936359883492161
52,24,1.0911263408731662
52,25,0.8750421505196698
53,1,0.33989919757532233
53,2,0.42422564611461056
53,3,0.36332510850129834
53,4,0.33158922814187675
53,5,0.3707761224979577
53,6,0.330231638796794
53,7,0.36379203786404374
53,8,0.4085568014550478
53,9,0.4829968636558566
53,10,0.5335604814154005
53,11,0.5584580764011786
53,12,0.5785036790885602
53,13,0.7627618805645923
53,14,0.952119285521814
53,15.000000000000002,0.7505590017259851
53,16,0.8832399095754888
53,17,0.7956010127255325
53,18,0.9505475490742571
53,19,0.8974124198208925
53,20,1.2381816393913463
53,21,1.5791884989403222
53,22,1.11168570011553
53,23,1.0291769932011312
53,24,1.1217963288803734
53,25,0.9049671996694546
54,1,0.3365955489631061
54,2,0.4183205433554063
54,3,0.37536663105508533
54,4,0.31845246045448
54,5,0.3700496866775997
54,6,0.33808378117617255
54,7,0.3514896991999599
54,8,0.3881310369108922
54,9,0.49228595990518204
54,10,0.5594021409464507
54,11,0.5509910034238531
54,12,0.5814388277193688
54,13,0.7042634235181209
54,14,0.9727863888198038
54,15.000000000000002,0.7881008174623784
54,16,0.7393017835424149
54,17,0.8261942368504192
54,18,0.9629899678540352
54,19,0.9079540560504649
54,20,1.196968267926194
54,21,1.6571341268601436
54,22,1.1654483328904857
54,23,1.079504423122533
54,24,1.157828750875085
54,25,0.9452674418368087
55,1,0.33319274480083655
55,2,0.41121955897158463
55,3,0.38790930519091615
55,4,0.30805200696405804
55,5,0.3654809175621921
55,6,0.34669003590006825
55,7,0.34285943078492276
55,8,0.3738002526588451
55,9,0.5027280094416975
55,10,0.5688291633624335
55,11,0.5407824799994803
55,12,0.6274450183938366
55,13,0.631136863890498
55,14,0.9189843998081917
55,15.000000000000002,0.8565756169552309
55,16,0.6749513650791942
55,17,0.9601007839026433
55,18,0.9851398808881089
55,19,0.9241281551510733
55,20,1.143301020350764
55,21,1.7372610413170713
55,22,1.2346654174830678
55,23,1.1401473099051866
55,24,1.1911598085175592
55,25,0.986379960025043
56,1,0.32969288780081324
56,2,0.40452170371378565
56,3,0.3981392971063695
56,4,0.30154554080490875
56,5,0.3590732897698302
56,6,0.35490263770432845
56,7,0.3437082871347541
56,8,0.36225730011062973
56,9,0.492040853385677
56,10,0.5295977096597031
56,11,0.5383028956651146
56,12,0.6733933667335082
56,13,0.5978379931331111
56,14,0.9632858213128264
56,15.000000000000002,0.9246192109707325
56,16,0.686494109895627
56,17,0.9568154183942598
56,18,1.0232711459703783
56,19,0.9571368057635052
56,20,1.1052272451986747
56,21,1.769600413737187
56,22,1.3230700177426022
56,23,1.2126445044267182
56,24,1.223933675089789
56,25,1.029882662509993
57,1,0.3260982879863061
57,2,0.3988391636255293
57,3,0.4073138641119083
57,4,0.30052553169724555
57,5,0.3523123052420422
57,6,0.3608570918532005
57,7,0.3537111025639138
57,8,0.3502763778853983
57,9,0.44938219382010974
57,10,0.47927362146256947
57,11,0.5450112748607487
57,12,0.6462004118469169
57,13,0.6405687884737812
57,14,1.0591674495497134
57,15.000000000000002,0.8857745712450531
57,16,0.7380687502100838
57,17,0.8227595588251497
57,18,1.1432572548402788
57,19,1.0105446962200486
57,20,1.0927562666857746
57,21,1.747791501121826
57,22,1.432809820069458
57,23,1.2954714751059713
57,24,1.2547817782351134
57,25,1.0720979642290809
58,1,0.32241115493515893
58,2,0.39258136883963546
58,3,0.4175979516092397
58,4,0.3068963709636424
58,5,0.348945560106801
58,6,0.36093907356225946
58,7,0.3659879389423477
58,8,0.3387128737179984
58,9,0.4063037472545784
58,10,0.44765551382897706
58,11,0.5608056467921003
58,12,0.6261427384274377
58,13,0.7511097868959714
58,14,0.8764011094516508
58,15.000000000000002,0.8363554558041371
58,16,0.8458277794339459
58,17,0.8971017711668385
58,18,1.2157574009230507
58,19,1.117471884267407
58,20,1.1266894253389412
58,21,1.6403549304552814
58,22,1.6253269178543146
58,23,1.4194915294151063
58,24,1.2945502309826
58,25,1.1261568414040357
59,1,0.3186326327985592
59,2,0.38540265080242425
59,3,0.42951356771250443
59,4,0.3236239420586107
59,5,0.3431242359427026
59,6,0.35119023132128485
59,7,0.36650764885360737
59,8,0.3489099350538958
59,9,0.3776534288789264
59,10,0.4459495589053142
59,11,0.5365871303602407
59,12,0.6251672445625132
59,13,0.6341936063843026
59,14,0.7245356565676517
59,15.000000000000002,0.7417064638328671
59,16,0.9637991695564847
59,17,0.8696717726166844
59,18,1.1674393753277332
59,19,1.3141362512097334
59,20,1.0035476445302218
59,21,1.5685814777430185
59,22,1.7880788084276655
59,23,1.4742601598493672
59,24,1.3243970538342191
59,25,1.179708819567749
60,1,0.31476678902461663
60,2,0.37731888840926125
60,3,0.43935718512471217
60,4,0.34846833201381605
60,5,0.3273600897046253
60,6,0.3422957306917704
60,7,0.36409265477323605
60,8,0.3546184604917521
60,9,0.35980322393280934
60,10,0.4225158110898619
60,11,0.4982485000891744
60,12,0.5979599882837158
60,13,0.6900707759648893
60,14,0.6872210283204849
60,15.000000000000002,0.7569542283252032
60,16,0.9051137283976549
60,17,0.9693917183903673
60,18,1.0631328331960144
60,19,1.0649953320130296
60,20,1.2780531374521027
60,21,1.3736620321552657
60,22,2.085001864127564
60,23,1.5942058044499252
60,24,1.353877700960939
60,25,1.1984784264375197
61,1,0.3108110358940382
61,2,0.368549414239279
61,3,0.4450893434396674
61,4,0.3758877054801261
61,5,0.29987982760255105
61,6,0.3285453399428029
61,7,0.35629038002163044
61,8,0.3826352281818801
61,9,0.36418643710756016
61,10,0.4321931582736427
61,11,0.5079906763261574
61,12,0.6244462768474757
61,13,0.6338223577569569
61,14,0.8319672227283141
61,15.000000000000002,0.8400753941433282
61,16,0.9763437621487228
61,17,1.0779483610399303
61,18,1.0922302871479665
61,19,1.0968668304560032
61,20,0.9353576267799032
61,21,1.081676067688595
61,22,2.037381435982907
61,23,1.6359410703423274
61,24,1.4913354428640087
61,25,1.2508972960640459
62,1,0.30677225615206966
62,2,0.3594652224804152
62,3,0.4430159947531762
62,4,0.3930752529039421
62,5,0.29635513375448536
62,6,0.3249740280779452
62,7,0.344156356957385
62,8,0.38192670414832364
62,9,0.4248822164092686
62,10,0.4276273162613899
62,11,0.4735526253541824
62,12,0.6107529873282161
62,13,0.6087245116623956
62,14,0.7491361143024227
62,15.000000000000002,0.8601399850150792
62,16,0.8709099762309286
62,17,1.2687981624589229
62,18,1.3264814874051545
62,19,1.3659465244305433
62,20,1.2171356911411608
62,21,0.9147721143944739
62,22,1.4510120232230677
62,23,2.1501505137639856
62,24,2.20765229550086
62,25,1.45730181576294
63,1,0.3026472165865235
63,2,0.35034598921786053
63,3,0.435164516158639
63,4,0.40454948663561136
63,5,0.31549870635927535
63,6,0.32392507461698394
63,7,0.3379702538380976
63,8,0.3605019484933342
63,9,0.42221735448867714
63,10,0.41665312517304653
63,11,0.4316245713876984
63,12,0.5233757394452101
63,13,0.5920800444001937
63,14,0.6412270463912818
63,15.000000000000002,0.8821333851038721
63,16,0.7719179177979073
63,17,1.0259040935671435
63,18,1.184779027064443
63,19,1.2214853930566163
63,20,1.2184535923906663
63,21,1.0115282463680688
63,22,1.403802266433689
63,23,2.593072546677066
63,24,2.1735214907311002
63,25,1.5655723017572574
64,1,0.2984401831250698
64,2,0.34142266231933605
64,3,0.42762653317004395
64,4,0.4178490531790623
64,5,0.3535441808083929
64,6,0.30843776579803944
64,7,0.32553558796673876
64,8,0.33215084131321687
64,9,0.4264466603731025
64,10,0.46578777068435817
64,11,0.42588098915764827
64,12,0.4697876089219031
64,13,0.542637551307999
64,14,0.5650464180058915
64,15.000000000000002,0.6327491012474709
64,16,0.8240580687552538
64,17,0.8791727094804156
64,18,1.3117094202894948
64,19,1.6546759069470411
64,20,1.3654747661380402
64,21,1.1294207087617363
64,22,0.975264627989173
64,23,2.344277286521379
64,24,2.8754005970837615
64,25,2.065812867050981
65,1,0.2941319420012586
65,2,0.3326545561307324
65,3,0.42013329694268353
65,4,0.43690801485881164
65,5,0.3826830769567076
65,6,0.36311586434315607
65,7,0.33134290769961067
65,8,0.34992306514583704
65,9,0.387148706324236
65,10,0.4465152154314944
65,11,0.47691871338226344
65,12,0.538684146874998
65,13,0.6409034737436927
65,14,0.7207483047160884
65,15.000000000000002,0.7694981989277128
65,16,0.8963269039746049
65,17,1.2014782799391588
65,18,1.1267711480824805
65,19,1.255369458615276
65,20,1.6057042773445465
65,21,1.406415198349225
65,22,1.1426848088158836
65,23,2.1516959284583232
65,24,2.5808187901281743
65,25,2.8363132445394106
66,1,0.28975021391280575
66,2,0.3243674501015073
66,3,0.40687202735059047
66,4,0.4341472999218128
66,5,0.39284742565171593
66,6,0.34544467895617165
66,7,0.31699660180074424
66,8,0.38294723811523534
66,9,0.3719891877948585
66,10,0.4396757603965968
66,11,0.5058169365859986
66,12,0.5905111308457832
66,13,0.6697357971524622
66,14,0.7755793760180194
66,15.000000000000002,1.296999239528695
66,16,1.3231096489846308
66,17,0.8135547929260756
66,18,0.995567440734077
66,19,1.3010498367851513
66,20,1.1228119553948153
66,21,1.785065608046679
66,22,1.8319594957177519
66,23,1.250326853588957
66,24,3.1370951417879493
66,25,2.231919431890213
67,1,0.28528108887952447
67,2,0.3163821695060183
67,3,0.38679320164472886
67,4,0.42655319532156283
67,5,0.41835683749473274
67,6,0.3979255916552852
67,7,0.34492025576459345
67,8,0.3671988213510348
67,9,0.4458414888866617
67,10,0.41574296672847216
67,11,0.4588870584385257
67,12,0.6068781639551053
67,13,0.6485283491555643
67,14,0.7232948660709756
67,15.000000000000002,1.1486125791800115
67,16,1.4188128287949502
67,17,0.9715174597249137
67,18,0.8893926944272563
67,19,2.233596152823815
67,20,1.175851407156793
67,21,1.736986631412011
67,22,2.2883480821850006
67,23,1.3775026589569166
67,24,2.318084934405967
67,25,2.7222459953656015
68,1,0.2807017959151092
68,2,0.3086272841408276
68,3,0.365910802696638
68,4,0.4197429816085016
68,5,0.42838530402220876
68,6,0.39823312063511146
68,7,0.36637223245554235
68,8,0.413979615710847
68,9,0.31610031686231904
68,10,0.3735171623534864
68,11,0.41587399587572815
68,12,0.4738169069831936
68,13,0.59853415266109
68,14,0.6764098995157597
68,15.000000000000002,0.758140839833181
68,16,0.8385197872875931
68,17,1.2008325195846519
68,18,2.6138364890624706
68,19,0.9322413969836512
68,20,1.1495202326945035
68,21,1.2866425094210263
68,22,1.394013257754149
68,23,1.5138948170636601
68,24,1.3009153003102458
68,25,1.03255459172766
69,1,0.27605097337629264
69,2,0.30121256516591516
69,3,0.3472666906446985
69,4,0.4196660600730497
69,5,0.42563091004640835
69,6,0.4170343013543137
69,7,0.3703584618519791
69,8,0.41637043028763926
69,9,0.32626709846780905
69,10,0.39871934910917495
69,11,0.3825380581217625
69,12,0.44739704019287563
69,13,0.6106219383482303
69,14,0.6918108601105629
69,15.000000000000002,0.7435940940937391
69,16,0.7326038791768467
69,17,1.253813812088881
69,18,1.39419536738997
69,19,1.5471230668710843
69,20,1.2872182306091737
69,21,1.4872407158257688
69,22,1.5580789098738903
69,23,3.448198849906275
69,24,1.534133597363455
69,25,1.4952388644630468
70,1,0.2712910086752122
70,2,0.2939436944201274
70,3,0.32998335869485457
70,4,0.4137185842502848
70,5,0.4112857237551377
70,6,0.4321302299307279
70,7,0.43369543739568517
70,8,0.42473800833042635
70,9,0.33000991705711985
70,10,0.37150044969563495
70,11,0.3798835125199619
70,12,0.4097615091470609
70,13,0.4789832149808758
70,14,0.5528727966797677
70,15.000000000000002,0.748846004005479
70,16,0.783916735787054
70,17,1.3707871164061072
70,18,0.9559589612665801
70,19,1.1771910880221346
70,20,1.1881935749500823
70,21,1.9578795396800734
70,22,1.3550957239895935
70,23,2.2568333470917237
70,24,2.0219809173247465
70,25,1.6418086770566243
71,1,0.266432348136807
71,2,0.28688224528671447
71,3,0.31454061204897077
71,4,0.3929501673934737
71,5,0.40372842350996463
71,6,0.41780790445815635
71,7,0.46150153210071776
71,8,0.4106671250683322
71,9,0.33643203525371296
71,10,0.3329946453624004
71,11,0.37310066668302544
71,12,0.40662230648540426
71,13,0.4125136472873714
71,14,0.42942947340351506
71,15.000000000000002,0.582328903363244
71,16,0.7398903066186329
71,17,0.9153739099313624
71,18,0.8480988881771349
71,19,1.1544206799419527
71,20,0.9801326327714864
71,21,1.306062713325888
71,22,1.5196127854660417
71,23,2.2991394062012716
71,24,1.520274911227989
71,25,1.248055850639963
72,1,0.2614683138300013
72,2,0.27996615373148437
72,3,0.30078547930778
72,4,0.36103870509207503
72,5,0.4002379129453516
72,6,0.3994609180749341
72,7,0.43384919839001074
72,8,0.44814178231264673
72,9,0.39837678896161055
72,10,0.35207061908687887
72,11,0.3403054945276527
72,12,0.4236393709530264
72,13,0.4410595779292482
72,14,0.4229164694861958
72,15.000000000000002,0.40808830727030004
72,16,0.5900078651862648
72,17,0.7237095068370376
72,18,0.8561451768958271
72,19,1.0883749158949287
72,20,0.8958267330344061
72,21,0.8527569513172929
72,22,1.4023818228120621
72,23,1.3017404663684418
72,24,1.4225917537348882
72,25,1.6176206529057144
73,1,0.25640196350822597
73,2,0.27316799093865285
73,3,0.28840672354742825
73,4,0.3280272484752568
73,5,0.3851882212703108
73,6,0.38956692515304175
73,7,0.4038695821168675
73,8,0.4523352017921543
73,9,0.45494230120107326
73,10,0.4454199540622544
73,11,0.3914672303453343
73,12,0.3573086907652639
73,13,0.3739917654482703
73,14,0.3675890246116078
73,15.000000000000002,0.3542003758862654
73,16,0.42798209470446824
73,17,0.509978779648999
73,18,0.8973489437839122
73,19,0.8909941247402245
73,20,0.9251806886461953
73,21,0.9817310695873503
73,22,1.453511294727628
73,23,1.5288950613221584
73,24,1.4983720869734198
73,25,1.5610662731527007
74,1,0.25121933735303614
74,2,0.26644583830852375
74,3,0.27722983497231435
74,4,0.30187315651357566
74,5,0.3587349479422582
74,6,0.3748987393355398
74,7,0.3845999131669273
74,8,0.4221155727445801
74,9,0.45020414652160196
74,10,0.4432662319618463
74,11,0.46223696063860215
74,12,0.5783824509359102
74,13,0.42141894746741465
74,14,0.3823380335576525
74,15.000000000000002,0.37339388348094954
74,16,0.42952620485443344
74,17,0.37547614235405624
74,18,0.5702298864978222
74,19,0.724297597162332
74,20,0.8220094071381367
74,21,1.0628162490748587
74,22,1.0930552333885653
74,23,1.0966332572675448
74,24,1.4373522525597333
74,25,1.6282527242203935
75,1,0.2459195840597836
75,2,0.2597648245622659
75,3,0.26693513770262545
75,4,0.2821573387594603
75,5,0.3261420069516325
75,6,0.3498354312975263
75,7,0.36371809502720664
75,8,0.387909262588769
75,9,0.42523988678193986
75,10,0.45489452476746467
75,11,0.4654771305958606
75,12,0.6128594844991974
75,13,0.7679675304777066
75,14,0.5836052731954597
75,15.000000000000002,0.6418983289063984
75,16,0.6275604785034414
75,17,0.399926156325799
75,18,0.45970068306193584
75,19,0.5693956667383191
75,20,0.5827465473311344
75,21,0.7312535072269108
75,22,1.2590793791009351
75,23,1.0874655101352453
75,24,1.1845750972740445
75,25,1.361392936211414
76,1,0.24048634199023877
76,2,0.25306197097067995
76,3,0.2573074037251834
76,4,0.2663864463097485
76,5,0.29725984528991184
76,6,0.32061228510015555
76,7,0.33001197849998143
76,8,0.340513410410747
76,9,0.3760357366697975
76,10,0.41046640544753465
76,11,0.42722739175929075
76,12,0.46997589596139083
76,13,0.5765246836016006
76,14,0.6647352495842591
76,15.000000000000002,0.8684953602380475
76,16,0.7408111642928367
76,17,0.5519284485307535
76,18,0.625776214439455
76,19,0.6651193863810756
76,20,0.6510945993547195
76,21,0.7222826481710518
76,22,0.6075097050934768
76,23,0.5831461369805544
76,24,0.8914512911774417
76,25,0.7775802989477764
77,1,0.23492004025591987
77,2,0.24632359302229243
77,3,0.24816561562887565
77,4,0.2525301740417595
77,5,0.27059719805465704
77,6,0.29340111318485973
77,7,0.3010315407517537
77,8,0.30388290211998537
77,9,0.3119213480533092
77,10,0.34456708557831556
77,11,0.38381007941957546
77,12,0.37972074493589597
77,13,0.44001986004105226
77,14,0.51685831226432
77,15.000000000000002,0.5613180327441254
77,16,0.610254482830745
77,17,0.9275112777617383
77,18,0.6339927137911484
77,19,0.885726540260234
77,20,1.0745919087593356
77,21,1.1947542980827797
77,22,0.8441480703006606
77,23,0.9630972759345314
77,24,0.9214640526370765
77,25,0.6281542857141019
78,1,0.22920775187901035
78,2,0.23949063444545227
78,3,0.23931229184880576
78,4,0.24001012079360834
78,5,0.24707143527824685
78,6,0.26821688772116165
78,7,0.2767141389570377
78,8,0.2759664465411991
78,9,0.27252480122052963
78,10,0.2878994571935897
78,11,0.31352357922292906
78,12,0.3216541186161233
78,13,0.3334037536303711
78,14,0.37146393255731264
78,15.000000000000002,0.4481463341899093
78,16,0.5787108079829337
78,17,0.5054883827738352
78,18,0.8689350135707331
78,19,0.5521596957378494
78,20,0.8991557032158932
78,21,0.8622970319669964
78,22,1.0754592186098952
78,23,1.2182695311726235
78,24,1.084191414415921
78,25,1.2613893388373953
79,1,0.22334412383978802
79,2,0.23252794194970394
79,3,0.2306026067077079
79,4,0.22829348340866149
79,5,0.22644729781367046
79,6,0.2440935360934336
79,7,0.25368441103783645
79,8,0.25173956819521587
79,9,0.24411512460052476
79,10,0.24240563526655062
79,11,0.2616069567795139
79,12,0.2723903173472327
79,13,0.2737247587246964
79,14,0.29527246748103425
79,15.000000000000002,0.3160258142233867
79,16,0.3486706693166984
79,17,0.36191612666929285
79,18,0.45782155248756495
79,19,0.36394183472726327
79,20,0.4278619272022803
79,21,0.45446536571931084
79,22,0.5604894340140982
79,23,0.743142519416402
79,24,0.8607675107089859
79,25,0.7393064411070298
