 x1 (cm),y1 (cm),freq (GHz),"Electric field norm (V/m), Boundary Probe 2","Electric field norm (V/m), Boundary Probe 3","Electric field norm (V/m), Point Probe 2",Detector
-4.5,-4.5,5,0.5845318255643587,0.6014282559479507,0.7259721555774634,0.6848855835072657
-4.5,-4.5,5.1000000000000005,0.5773700892905258,0.598561260510286,0.6970813992712109,0.6895645167598374
-4.5,-4.5,5.2,0.5657617290586393,0.5991340468748436,0.6641722647778265,0.7070502319047292
-4.5,-4.5,5.300000000000001,0.5543056287436188,0.5995340209155439,0.6313055936105507,0.7296298216659826
-4.5,-4.5,5.4,0.5563113515166614,0.5989523055334882,0.6084284533192504,0.7681553718681825
-4.5,-4.5,5.5,0.5768658128294285,0.5871719584484274,0.6031995985753107,0.8352824189378958
-4.5,-4.5,5.6000000000000005,0.5969775305531945,0.585834166703792,0.6097719839018286,0.8540289690990509
-4.5,-4.5,5.7,0.6147342816055854,0.5991539888800957,0.6134377438943199,0.8407700403763495
-4.5,-4.5,5.800000000000001,0.6322917151375257,0.6127342456313377,0.6018050856106932,0.824521301521877
-4.5,-4.5,5.9,0.6462027714840346,0.6202114276776471,0.5693622180495853,0.810693825253576
-4.5,-4.5,6,0.6545604303050189,0.6183457712693436,0.5168276962395545,0.8012028036894286
-4.5,-4.5,6.1000000000000005,0.6570185012701362,0.6093617383234834,0.44791983010915376,0.7936374391557148
-4.5,-4.5,6.2,0.6531731921227026,0.6073631308583842,0.35838311825708935,0.7910263339557709
-4.5,-4.5,6.300000000000001,0.6544289853157175,0.6221210863200176,0.40125553927897856,0.8144887027015585
-4.5,-4.5,6.4,0.6709181947068072,0.6273675790023187,0.4850091336513737,0.8039180638958447
-4.5,-4.5,6.5,0.6835634726102204,0.6276759262735233,0.5273769222619672,0.7797623001807751
-4.5,-4.5,6.6000000000000005,0.6904366142795493,0.6256591907798338,0.5501896196132253,0.7550543951542935
-4.5,-4.5,6.7,0.6916145417782882,0.6292920773620466,0.5643925089544598,0.7317864184983381
-4.5,-4.5,6.800000000000001,0.6882721383756275,0.6392559806100161,0.5773222775416774,0.7146251203585181
-4.5,-4.5,6.9,0.6819288707350536,0.6507874635297225,0.5947173888389117,0.7063453702693979
-4.5,-4.5,7,0.6763926695668252,0.6543733616115154,0.6546830009966115,0.7075946210364794
-4.5,-4.5,7.1000000000000005,0.6971891410244593,0.6421986953420428,0.7903902795655204,0.7165453756546729
-4.5,-4.5,7.2,0.7202414143426231,0.633400976614124,0.831538475445356,0.7031998075341084
-4.5,-4.5,7.300000000000002,0.7366491270000407,0.6330792787960314,0.83453165321886,0.6975949712911174
-4.5,-4.5,7.4,0.7493979709937635,0.6395174311613838,0.8192516369272816,0.7014677258081825
-4.5,-4.5,7.500000000000001,0.7572230583501338,0.6448494240650231,0.7871572775064571,0.7107330759677598
-4.5,-4.5,7.6000000000000005,0.7572885236838408,0.642504347703181,0.7407246130804911,0.7230882158656544
-4.5,-4.5,7.7,0.7477922337003875,0.6301038719060824,0.688356566800646,0.7393027845755685
-4.5,-4.5,7.800000000000002,0.7416460755686545,0.6148055102985771,0.682352210385996,0.7672864187507265
-4.5,-4.5,7.9,0.7594917228689866,0.6216447106790732,0.697229527904884,0.7740621425833009
-4.5,-4.5,8,0.7635006404675341,0.6332891106285359,0.6827695892540081,0.7556593754087969
-4.5,-4.5,8.1,0.7617335719114517,0.6419612241938032,0.6660401301022705,0.737412590455485
-4.5,-4.5,8.2,0.7567667227574963,0.6427422519612971,0.6404554492248888,0.7256072475422075
-4.5,-4.5,8.3,0.7472758121997607,0.6359133306760715,0.5999385679329531,0.7202608096164125
-4.5,-4.5,8.4,0.7309114902560955,0.6268643893205605,0.5443954433367647,0.7178079600466039
-4.5,-4.5,8.5,0.7072161152777656,0.6243894854748805,0.481639991798394,0.717587219453502
-4.5,-4.5,8.600000000000001,0.6962380598499976,0.6279613323982358,0.4258336933636606,0.7470406811726072
-4.5,-4.5,8.700000000000001,0.6919078386572474,0.6272873862462875,0.38798202779236085,0.7409594855473165
-4.5,-4.5,8.8,0.6841844097223078,0.6208555136437701,0.3667691111130427,0.7127886097816531
-4.5,-4.5,8.9,0.6753872649281502,0.6148796346797036,0.35565740602712587,0.6843166911373886
-4.5,-4.5,9,0.6657338161691435,0.616593950450459,0.35357752264499975,0.6652435202716512
-4.5,-4.5,9.100000000000003,0.6539725087187754,0.6223774673525242,0.37318571779020165,0.6576398943800773
-4.5,-4.5,9.200000000000001,0.63835225995896,0.6254908128713487,0.4242856797380889,0.6576116612227612
-4.5,-4.5,9.3,0.621177357439832,0.6217346425950584,0.5193989704170563,0.672296030625926
-4.5,-4.5,9.4,0.6177429799098036,0.6124949175285413,0.6361063406903159,0.7078116062175434
-4.5,-4.5,9.5,0.6182205088138542,0.6066419884834358,0.7159176643507849,0.7077562948031527
-4.5,-4.5,9.600000000000003,0.6181865295381146,0.6083825719768525,0.7549402544572964,0.6938986684325773
-4.5,-4.5,9.700000000000001,0.6172095069654744,0.6115786242814348,0.7643800613323589,0.6854954648234252
-4.5,-4.5,9.8,0.6160282340185423,0.6108400561360775,0.755321660243677,0.6899136104949782
-4.5,-4.5,9.9,0.6137103043764895,0.603695457684367,0.7352896423595806,0.7052389560279682
-4.5,-4.5,10,0.6095923152784022,0.5924676388919428,0.7153211994656323,0.7247154150271
-4.5,-4.5,10.100000000000003,0.6144286965426005,0.5897786634419319,0.741895856647393,0.7626225903727238
-4.5,-4.5,10.200000000000001,0.6290753096483996,0.6002250807246179,0.7756046085191922,0.7864046936330799
-4.5,-4.5,10.3,0.6455566916972859,0.6078742060708419,0.7906625031667526,0.7817763721297152
-4.5,-4.5,10.4,0.6585375695709934,0.6086567043903787,0.777700569892983,0.7611029521052112
-4.5,-4.5,10.5,0.668876350716829,0.6081037362748658,0.7503286663046344,0.7430482351822125
-4.5,-4.5,10.600000000000003,0.6772729298138926,0.608882074482162,0.7129039992495199,0.729909587546017
-4.5,-4.5,10.700000000000001,0.6815135241534237,0.6160651399902201,0.6652375027467815,0.7179503661282104
-4.5,-4.5,10.8,0.6811493947116732,0.6262821558488217,0.6162397513731347,0.7096901497375859
-4.5,-4.5,10.9,0.684682965590123,0.6319013067752611,0.5716650074951622,0.7139625581924189
-4.5,-4.5,11,0.6921951652695492,0.6268311895021318,0.5322425139155283,0.7163070680948611
-5,-5,5,0.5845319292517032,0.601428330427327,0.7259728562817912,0.6376730695191355
-5,-5,5.1000000000000005,0.5773701937537535,0.5985613558402255,0.6970821332966667,0.6425499337888344
-5,-5,5.2,0.5657618309413189,0.5991341312740849,0.6641730793778148,0.6571126105807884
-5,-5,5.300000000000001,0.5543057255678585,0.599534048817777,0.6313067315357078,0.6722686121554939
-5,-5,5.4,0.5563114341663238,0.5989522965107811,0.6084303663383678,0.6984134882532548
-5,-5,5.5,0.576865927076566,0.5871720332729624,0.6032018728058351,0.7699216764605835
-5,-5,5.6000000000000005,0.5969776777777199,0.5858342682501553,0.6097738727289662,0.8093978253819014
-5,-5,5.7,0.6147343117129312,0.5991541626491076,0.6134394853555737,0.8065778250714947
-5,-5,5.800000000000001,0.6322915539725129,0.6127344308846322,0.6018069754345169,0.7948700966667565
-5,-5,5.9,0.6462024946027399,0.6202114754064861,0.5693645023680812,0.7837294502086094
-5,-5,6,0.6545602183836388,0.6183455971734785,0.5168305007724937,0.7756817697704945
-5,-5,6.1000000000000005,0.6570185562070233,0.6093614360580205,0.4479232245207023,0.7660944270857905
-5,-5,6.2,0.6531737792138753,0.6073628589381538,0.35838643915090546,0.7512394759250777
-5,-5,6.300000000000001,0.6544301573155178,0.62212120709552,0.40125366805375934,0.7743724155635254
-5,-5,6.4,0.6709197463031955,0.6273679257492513,0.4850084526691966,0.7839405587729656
-5,-5,6.5,0.6835652500921408,0.6276760575522383,0.5273763618591647,0.7685623164890503
-5,-5,6.6000000000000005,0.6904384044519525,0.6256593578873996,0.5501879930981071,0.7473617930479411
-5,-5,6.7,0.6916162296770959,0.6292923385119851,0.5643891003494977,0.7262836718869959
-5,-5,6.800000000000001,0.6882737355209946,0.6392563962399662,0.5773171266805666,0.7109971336564789
-5,-5,6.9,0.6819304432882678,0.6507878821328544,0.5947112335865856,0.7023951778447394
-5,-5,7,0.6763941690818598,0.6543736705628068,0.6546757101757884,0.6932501285898836
-5,-5,7.1000000000000005,0.6971906554702781,0.642198646331698,0.7903853660881627,0.7060370248052936
-5,-5,7.2,0.720243092933989,0.6334002840729933,0.8315365685176275,0.7066976808383737
-5,-5,7.300000000000002,0.7366504742376381,0.6330791271584804,0.8345311585355147,0.7047874583833367
-5,-5,7.4,0.7493986225292043,0.6395179556133449,0.8192519005608837,0.7079185144614383
-5,-5,7.500000000000001,0.7572227829396139,0.6448500905551928,0.7871582750380188,0.7147176916711138
-5,-5,7.6000000000000005,0.7572877062779151,0.6425048186992258,0.7407267793649437,0.7237744962896854
-5,-5,7.7,0.7477916671217633,0.6301039996204079,0.6883600643597055,0.7343968841023387
-5,-5,7.800000000000002,0.7416465371030789,0.6148055632288241,0.6823574252952772,0.7480181001920096
-5,-5,7.9,0.7594943388801597,0.6216452648141515,0.697236574207202,0.7580443942657726
-5,-5,8,0.7635046806938267,0.6332903157010451,0.6827776761962547,0.7437404721830742
-5,-5,8.1,0.7617380782918145,0.6419624481501344,0.6660491088091777,0.7249183168835807
-5,-5,8.2,0.7567708488282081,0.6427430236958327,0.6404649431989323,0.7105961580403648
-5,-5,8.3,0.7472791471643594,0.6359137013505172,0.5999483736010331,0.701921745349233
-5,-5,8.4,0.7309143760648028,0.6268648277249333,0.5444056518477806,0.6957612634487077
-5,-5,8.5,0.7072194967832128,0.62439037320599,0.48165089920744847,0.688460556725538
-5,-5,8.600000000000001,0.6962429965375356,0.6279628304502463,0.42584493366958515,0.7054563772094762
-5,-5,8.700000000000001,0.6919142815522963,0.6272885741963982,0.38799170371188535,0.7067048460518845
-5,-5,8.8,0.684191598884702,0.6208561681994211,0.3667781171617692,0.6845334964154055
-5,-5,8.9,0.675394664595082,0.6148802740150741,0.35566427186327315,0.6588178811316435
-5,-5,9,0.6657410207486321,0.6165950117728839,0.3535760959050726,0.6405748647024144
-5,-5,9.100000000000003,0.6539791168134409,0.6223786594240015,0.37317065804033506,0.6328844815287021
-5,-5,9.200000000000001,0.6383579669783478,0.6254916057950782,0.42426153382770976,0.631934797708801
-5,-5,9.3,0.6211819293436993,0.621734841131276,0.5193669866616767,0.6376724481583045
-5,-5,9.4,0.6177468310818623,0.6124951062334039,0.6360722243300222,0.6724307571173574
-5,-5,9.5,0.6182241901230983,0.6066427770469525,0.7158831365382623,0.6831788991003658
-5,-5,9.600000000000003,0.6181904506236008,0.6083837686751373,0.7549056686289005,0.6790980640319371
-5,-5,9.700000000000001,0.617213641356368,0.6115797330601351,0.7643459754486024,0.675865245977063
-5,-5,9.8,0.6160320995658103,0.6108409809624228,0.7552879862673931,0.6811542183669242
-5,-5,9.9,0.6137134395365132,0.6036962552002986,0.7352566251884746,0.6944224770983317
-5,-5,10,0.6095943414987292,0.5924681447368821,0.7152898552278902,0.7082946455431539
-5,-5,10.100000000000003,0.6144294636212417,0.5897794550273427,0.7418699272735423,0.7341232592304321
-5,-5,10.200000000000001,0.6290758331540418,0.6002264357616001,0.7755852130732483,0.7577127466961463
-5,-5,10.3,0.6455567765755048,0.6078747298554321,0.7906472787410288,0.7606021619656986
-5,-5,10.4,0.6585373495007403,0.6086555750667247,0.7776891367035379,0.7480196438139822
-5,-5,10.5,0.6688758335054485,0.6081018118766988,0.7503195107043404,0.7335186766987587
-5,-5,10.600000000000003,0.6772721283147065,0.6088812466600282,0.7128958844580788,0.7200568918387968
-5,-5,10.700000000000001,0.6815122387700611,0.6160667244791374,0.6652301426546005,0.7055612633400498
-5,-5,10.8,0.6811471943130437,0.6262848805993524,0.6162346121564941,0.6899363315440766
-5,-5,10.9,0.6846815508901977,0.6319031708437465,0.5716692761586336,0.6866289166647253
-5,-5,11,0.6921962346457845,0.6268305198382358,0.5322583528643454,0.6846889657529655
-5.5,-5.5,5,0.5845319309682013,0.6014283742412878,0.7259730569491198,0.5903266257010156
-5.5,-5.5,5.1000000000000005,0.5773702350103446,0.5985613782120761,0.6970822836112615,0.5969716660131792
-5.5,-5.5,5.2,0.5657619092588878,0.5991341283047275,0.664173231650906,0.6109200280748017
-5.5,-5.5,5.300000000000001,0.5543057965634747,0.5995340252547386,0.6313068564100534,0.6217191845181435
-5.5,-5.5,5.4,0.5563114172459271,0.5989522906760599,0.6084303522890938,0.6369431232405652
-5.5,-5.5,5.5,0.5768659211231102,0.587172098650862,0.6032016676543849,0.7073903441615849
-5.5,-5.5,5.6000000000000005,0.5969777766353395,0.5858342799120718,0.6097738353980336,0.76346627845895
-5.5,-5.5,5.7,0.6147344944391131,0.599154106334961,0.613439780553778,0.7716713141396162
-5.5,-5.5,5.800000000000001,0.632291867179058,0.6127342793250145,0.6018075968238136,0.766111088078163
-5.5,-5.5,5.9,0.6462029899336226,0.6202113263955,0.5693654190588168,0.7591881085427573
-5.5,-5.5,6,0.654560932123677,0.6183456038642383,0.5168316677987258,0.7541895287329873
-5.5,-5.5,6.1000000000000005,0.6570195300416823,0.6093616666575491,0.44792459467366985,0.745118919688459
-5.5,-5.5,6.2,0.653175030020919,0.6073632030048993,0.35838779872071974,0.7217909075749913
-5.5,-5.5,6.300000000000001,0.6544312514760938,0.6221213733143056,0.4012525401548472,0.7384369947878904
-5.5,-5.5,6.4,0.6709206882471099,0.6273677692617295,0.4850071913588656,0.7618658241312813
-5.5,-5.5,6.5,0.6835661305519021,0.6276758226166949,0.5273744480668457,0.7545011985303645
-5.5,-5.5,6.6000000000000005,0.6904392921706014,0.6256593601351319,0.5501857564134073,0.7373661512886514
-5.5,-5.5,6.7,0.6916172030924359,0.6292924875666183,0.5643873392382112,0.719215127438093
-5.5,-5.5,6.800000000000001,0.6882747379801372,0.6392564398226408,0.5773167913206669,0.7065919137446631
-5.5,-5.5,6.9,0.6819312804942728,0.6507876781534161,0.5947131216436734,0.6991594306640463
-5.5,-5.5,7,0.6763944519672178,0.6543732736138118,0.6546795385731544,0.6829881174249768
-5.5,-5.5,7.1000000000000005,0.6971899962938547,0.6421984496630452,0.7903896126211486,0.6941248017739503
-5.5,-5.5,7.2,0.72024178838437,0.633401037838336,0.8315405442060869,0.7042085140137125
-5.5,-5.5,7.300000000000002,0.73664891590298,0.6330801295304077,0.8345346429553522,0.7054325527844595
-5.5,-5.5,7.4,0.7493975576983032,0.6395183471011818,0.8192545047613083,0.7084392476274708
-5.5,-5.5,7.500000000000001,0.7572230664108919,0.644849795476312,0.7871593719137339,0.7137265589459595
-5.5,-5.5,7.6000000000000005,0.7572896541656299,0.6425042189068385,0.7407261438266916,0.7207540513759528
-5.5,-5.5,7.7,0.7477948782797882,0.6301038939058604,0.6883581519021845,0.7279101556656534
-5.5,-5.5,7.800000000000002,0.7416488113929613,0.6148060672403908,0.6823517266331462,0.7296299328067313
-5.5,-5.5,7.9,0.7594953939969985,0.6216457444186383,0.6972327074516126,0.7385063431966237
-5.5,-5.5,8,0.7635040994368496,0.6332901011984968,0.6827744352709267,0.7265627386824139
-5.5,-5.5,8.1,0.7617361028510832,0.6419621249081692,0.6660464256015429,0.7069488950145064
-5.5,-5.5,8.2,0.7567683718788709,0.6427434561937584,0.6404632157964346,0.690363319328305
-5.5,-5.5,8.3,0.7472770964798754,0.63591482592697,0.5999477549093637,0.6788888953239919
-5.5,-5.5,8.4,0.7309132331718531,0.6268655608536186,0.5444057050950118,0.6701598951348485
-5.5,-5.5,8.5,0.7072191009174489,0.6243899170512803,0.48165009364850286,0.6591718769936288
-5.5,-5.5,8.600000000000001,0.6962421225114966,0.627961794316469,0.4258427296853653,0.6641460037679692
-5.5,-5.5,8.700000000000001,0.691913448926459,0.6272882329911917,0.3879897352382275,0.6685531134988121
-5.5,-5.5,8.8,0.684190339669935,0.6208565563697942,0.36677584013951803,0.6507095906157994
-5.5,-5.5,8.9,0.6753927392354437,0.6148804973356249,0.3556618140460857,0.6272626521438623
-5.5,-5.5,9,0.6657383369301376,0.6165945925051828,0.35357289178500234,0.6098822227127667
-5.5,-5.5,9.100000000000003,0.6539757328366883,0.6223777936153908,0.37316625196912884,0.602353336967428
-5.5,-5.5,9.200000000000001,0.6383541847190302,0.6254906023634283,0.4242560298112282,0.6014735760831033
-5.5,-5.5,9.3,0.6211782347222504,0.6217341060417556,0.5193629208494966,0.6020222734569045
-5.5,-5.5,9.4,0.6177442167997462,0.6124945935726024,0.6360672923878722,0.6323640286760046
-5.5,-5.5,9.5,0.6182228220723587,0.6066424960738862,0.7158792271447069,0.6503073339886843
-5.5,-5.5,9.600000000000003,0.6181897677010617,0.608383982335637,0.7549034117731326,0.6532986662830962
-5.5,-5.5,9.700000000000001,0.6172130373107881,0.6115801532583878,0.7643437404268978,0.6534904557005692
-5.5,-5.5,9.8,0.6160310115800248,0.6108409244797199,0.7552833185395014,0.6589795039262601
-5.5,-5.5,9.9,0.6137116433612523,0.6036954779559867,0.7352474507558339,0.6705419007950292
-5.5,-5.5,10,0.6095916487708717,0.5924668273579089,0.7152753809445911,0.6813631569122603
-5.5,-5.5,10.100000000000003,0.6144260933163498,0.5897781692418183,0.7418515337362562,0.6968071122509282
-5.5,-5.5,10.200000000000001,0.6290722899320265,0.6002252260725354,0.7755661687680112,0.7177638542151467
-5.5,-5.5,10.3,0.6455540557102748,0.6078741562146085,0.7906281970299439,0.7265543070627316
-5.5,-5.5,10.4,0.6585357180873955,0.6086565454874507,0.7776700556559403,0.7215367982241808
-5.5,-5.5,10.5,0.6688749548902959,0.6081042462614633,0.7503022253665236,0.7113011424133634
-5.5,-5.5,10.600000000000003,0.6772715683345112,0.608884252702166,0.7128823404446992,0.6992270353052324
-5.5,-5.5,10.700000000000001,0.681511827805637,0.6160689390865098,0.6652216258996191,0.6848373471514767
-5.5,-5.5,10.8,0.6811469220765303,0.6262860366917187,0.6162311412438646,0.6667613080230221
-5.5,-5.5,10.9,0.6846815540732738,0.6319038950183878,0.5716693371705661,0.6574296846455179
-5.5,-5.5,11,0.6921965684730921,0.6268318790052799,0.532260643344642,0.651093855430768
-6,-6,5,0.5845319278811982,0.6014284135996363,0.7259723802248255,0.5464045135712395
-6,-6,5.1000000000000005,0.5773702110731301,0.5985613619784464,0.6970817739023584,0.5561546957816286
-6,-6,5.2,0.5657618458099993,0.5991341011878824,0.6641728867344522,0.5714247830900635
-6,-6,5.300000000000001,0.5543057037375987,0.5995340045909349,0.6313066209059134,0.5805861178334154
-6,-6,5.4,0.5563113155013971,0.5989522828509611,0.6084301314707846,0.5869803280266356
-6,-6,5.5,0.5768658110419366,0.5871721113459403,0.6032015156507374,0.6526600482564137
-6,-6,5.6000000000000005,0.596977709162655,0.5858342725311106,0.6097737282685053,0.7216930319007735
-6,-6,5.7,0.6147344708343262,0.5991541247999194,0.6134395808802396,0.7405549962320603
-6,-6,5.800000000000001,0.6322918802415405,0.6127343915313785,0.6018072277642773,0.7416855228754005
-6,-6,5.9,0.6462029994356764,0.6202115344376857,0.5693648059090105,0.7396055155275378
-6,-6,6,0.6545608405838581,0.6183458081194396,0.5168307282951771,0.7384118196788703
-6,-6,6.1000000000000005,0.6570191986505407,0.6093617556630455,0.4479232768142634,0.7313809751820063
-6,-6,6.2,0.6531743011831368,0.6073630749259773,0.3583866588266748,0.702821922563324
-6,-6,6.300000000000001,0.6544301724240447,0.622121220185014,0.4012526461610162,0.7101881534220272
-6,-6,6.4,0.6709195279093005,0.6273677738878423,0.48500733994234296,0.7423381218536086
-6,-6,6.5,0.68356493618102,0.6276760554855837,0.5273755904297907,0.7415515628108248
-6,-6,6.6000000000000005,0.6904380718733867,0.6256594232057172,0.5501882727055405,0.7280639364060884
-6,-6,6.7,0.6916158805679289,0.6292923695075809,0.5643908542362079,0.7125974834440072
-6,-6,6.800000000000001,0.6882732124543324,0.6392561765497444,0.5773199667900671,0.702488619875198
-6,-6,6.9,0.681929493418207,0.6507874098410186,0.594713845901268,0.6966632730873032
-6,-6,7,0.6763924010220832,0.6543732168348455,0.654675977981538,0.6755836413328329
-6,-6,7.1000000000000005,0.6971882366173181,0.642198588795018,0.7903854005851395,0.6820708167112548
-6,-6,7.2,0.7202407369952059,0.6334007764496334,0.8315360355092384,0.698138927211249
-6,-6,7.300000000000002,0.7366486107901494,0.6330793043881078,0.8345298747998595,0.7018031753552433
-6,-6,7.4,0.7493976471020835,0.6395175518635687,0.8192495574033222,0.7048957080929991
-6,-6,7.500000000000001,0.7572228152617433,0.6448494827796417,0.7871540516741246,0.7092515652945662
-6,-6,7.6000000000000005,0.7572880274899189,0.6425042900345947,0.7407201170934637,0.7151453256532269
-6,-6,7.7,0.7477911163355053,0.6301037375552291,0.6883511158842167,0.7205414425007278
-6,-6,7.800000000000002,0.7416435502042318,0.6148050988260835,0.6823449839196503,0.7130712707677614
-6,-6,7.9,0.7594901794000471,0.6216447293282054,0.6972279863807042,0.7184320674803737
-6,-6,8,0.7635001505160933,0.6332898163652552,0.6827715649206682,0.7076740116222356
-6,-6,8.1,0.7617340104391835,0.6419623064876927,0.6660445070955108,0.6872758249624629
-6,-6,8.2,0.7567677718235685,0.6427432766445896,0.6404610343928333,0.668738771054031
-6,-6,8.3,0.7472768857257936,0.6359138463350057,0.5999444177572322,0.6548243687748115
-6,-6,8.4,0.7309121142557989,0.6268643970838428,0.5444010776927458,0.6440432474511465
-6,-6,8.5,0.7072164097609197,0.6243894914659516,0.48164457014326184,0.63140084131593
-6,-6,8.600000000000001,0.6962393043924756,0.6279622601979682,0.425836971427283,0.625941732781249
-6,-6,8.700000000000001,0.6919113155020866,0.6272882919920583,0.3879857498165729,0.6303819157085289
-6,-6,8.8,0.68418959883724,0.6208560735287011,0.366773609643899,0.6150923432284783
-6,-6,8.9,0.6753935872026159,0.6148799504089458,0.3556608554774441,0.5930035461255446
-6,-6,9,0.6657405214693144,0.6165944886867909,0.3535730635170841,0.5759319921879579
-6,-6,9.100000000000003,0.6539787589696822,0.6223781681346182,0.3731686559953083,0.5681096803665961
-6,-6,9.200000000000001,0.6383573845139363,0.6254914585309451,0.4242607236383418,0.5671741024227357
-6,-6,9.3,0.6211808510633232,0.6217353027912481,0.5193691077379773,0.565043864939175
-6,-6,9.4,0.6177459832357555,0.6124959699623721,0.6360725511658957,0.5892764452752995
-6,-6,9.5,0.6182236635344177,0.6066434978806039,0.7158816756037248,0.6113462479471813
-6,-6,9.600000000000003,0.6181903092163982,0.6083844042425246,0.7549041192462712,0.6193264116552429
-6,-6,9.700000000000001,0.6172139840305907,0.6115804918627465,0.7643443303845684,0.6220312294904834
-6,-6,9.8,0.6160323880364855,0.6108415367912046,0.7552855496574661,0.6277165082947481
-6,-6,9.9,0.6137130863186756,0.603696466261392,0.7352527918727455,0.6381570109372052
-6,-6,10,0.6095925190747873,0.5924678200198955,0.7152845888428677,0.6477003037064913
-6,-6,10.100000000000003,0.614426019345751,0.5897786255381592,0.7418651811868339,0.6557776924347412
-6,-6,10.200000000000001,0.6290719141727177,0.6002250241213012,0.7755807507498848,0.6728090895723583
-6,-6,10.3,0.6455552018875261,0.6078742983065213,0.790643539523327,0.6858549611816881
-6,-6,10.4,0.6585382622480159,0.6086574650387312,0.7776852793253081,0.6877101681268587
-6,-6,10.5,0.6688781258727335,0.608105934690261,0.7503171131248125,0.6822150576129355
-6,-6,10.600000000000003,0.6772750214129617,0.6088856910207083,0.7128969995433448,0.6727398574318371
-6,-6,10.700000000000001,0.6815153203707802,0.6160689729346334,0.665234863684984,0.6600656280573273
-6,-6,10.8,0.6811498900815721,0.626285475964383,0.6162394356463352,0.6428214758320759
-6,-6,10.9,0.6846822032017617,0.6319039193595147,0.571672414720417,0.6298071716006814
-6,-6,11,0.6921930217491226,0.6268335078536891,0.5322583551226217,0.6194256657959927
-6.5,-6.5,5,0.5845316533617938,0.6014282573038701,0.725972623433358,0.50695276587956
-6.5,-6.5,5.1000000000000005,0.5773699453573562,0.5985612420590085,0.6970820808144415,0.5208805744480111
-6.5,-6.5,5.2,0.5657616113917908,0.5991340347832912,0.6641731224170591,0.5389925479323637
-6.5,-6.5,5.300000000000001,0.5543055174799213,0.5995339836488471,0.6313066465808329,0.5487272357218037
-6.5,-6.5,5.4,0.5563111750649056,0.5989522948448038,0.6084299654811208,0.5486069559505857
-6.5,-6.5,5.5,0.5768656337846961,0.5871721026336992,0.6032017042085086,0.6070920106918788
-6.5,-6.5,5.6000000000000005,0.5969774871138377,0.5858343202327517,0.6097743907995383,0.6857633730699066
-6.5,-6.5,5.7,0.6147342467820449,0.5991542481489681,0.6134404262744607,0.7142893456983749
-6.5,-6.5,5.800000000000001,0.6322915765945659,0.6127345029052882,0.6018081234551403,0.7219316371214662
-6.5,-6.5,5.9,0.6462024897018195,0.6202114855621396,0.5693656316336924,0.7247140467027771
-6.5,-6.5,6,0.6545600821456572,0.618345526002897,0.5168314452850197,0.7275305043488182
-6.5,-6.5,6.1000000000000005,0.6570183022532875,0.6093612863636388,0.44792394224959153,0.7233682041334061
-6.5,-6.5,6.2,0.6531735158503502,0.6073627553622124,0.3583867300910894,0.6921465746232994
-6.5,-6.5,6.300000000000001,0.6544297583855022,0.6221213465289235,0.4012542986730894,0.6899129264757391
-6.5,-6.5,6.4,0.6709193400985585,0.627368042059767,0.4850090439444985,0.7270984511125463
-6.5,-6.5,6.5,0.6835649537170525,0.6276760218941917,0.5273762234062448,0.7316247729522513
-6.5,-6.5,6.6000000000000005,0.6904381701959903,0.6256592574965311,0.5501871470878327,0.7213748974313208
-6.5,-6.5,6.7,0.6916160152389096,0.6292922850907435,0.5643877889462846,0.7083572152392248
-6.5,-6.5,6.800000000000001,0.6882735615941152,0.6392563930231525,0.577315639856811,0.7005815667559737
-6.5,-6.5,6.9,0.6819303659279935,0.6507878397927108,0.5947098980525068,0.6965916420703464
-6.5,-6.5,7,0.676394128671646,0.6543736175617144,0.6546749053888846,0.6721920133744261
-6.5,-6.5,7.1000000000000005,0.6971902254235066,0.6421985599349848,0.7903844161352679,0.6725294044891975
-6.5,-6.5,7.2,0.7202422710951252,0.6334004733588793,0.831534677543413,0.6919016383919179
-6.5,-6.5,7.300000000000002,0.7366492582355225,0.6330793897845292,0.8345288270113199,0.6970315907160788
-6.5,-6.5,7.4,0.7493971171128768,0.639517943285678,0.819249471574376,0.699812367499316
-6.5,-6.5,7.500000000000001,0.7572212751290707,0.6448498197535154,0.7871556592016873,0.7030632064922162
-6.5,-6.5,7.6000000000000005,0.7572862526725838,0.6425044602644795,0.7407237894921135,0.7078340696188654
-6.5,-6.5,7.7,0.7477900748121011,0.6301037107117863,0.6883572128206246,0.7120760418735056
-6.5,-6.5,7.800000000000002,0.7416442798211796,0.6148052586515417,0.6823570705335072,0.6972928138149533
-6.5,-6.5,7.9,0.7594913199693635,0.6216452572086163,0.6972390261457481,0.697603916560827
-6.5,-6.5,8,0.7635010244306928,0.6332900534046648,0.682780771165013,0.6868281054224948
-6.5,-6.5,8.1,0.7617340753379731,0.6419618911514301,0.6660528317485378,0.6653647315863739
-6.5,-6.5,8.2,0.7567668453693206,0.6427422906177473,0.640469350023055,0.6449529235816513
-6.5,-6.5,8.3,0.7472752148380165,0.6359127608525915,0.5999531072284556,0.6288176466893376
-6.5,-6.5,8.4,0.7309101821209161,0.6268636649532476,0.5444096658927103,0.6163030501610383
-6.5,-6.5,8.5,0.7072147097620156,0.6243891872957085,0.48165255009617064,0.603247830059412
-6.5,-6.5,8.600000000000001,0.6962377545857213,0.6279617967448651,0.4258455412694689,0.5896906953075363
-6.5,-6.5,8.700000000000001,0.6919095032553447,0.6272877149540108,0.3879917524854804,0.5925587633649357
-6.5,-6.5,8.8,0.6841876592074946,0.6208554214141654,0.3667779787804819,0.5787607910476466
-6.5,-6.5,8.9,0.6753913962475119,0.6148797074276268,0.35566389734490844,0.5576025136515687
-6.5,-6.5,9,0.6657378775516886,0.6165945735557292,0.3535732111108449,0.5406913761510415
-6.5,-6.5,9.100000000000003,0.6539754652554919,0.6223780234110968,0.3731646911297785,0.5324633424092035
-6.5,-6.5,9.200000000000001,0.6383535064435251,0.6254907900803328,0.4242552182888149,0.5313879287553533
-6.5,-6.5,9.3,0.6211769791982794,0.6217340789103902,0.5193615592141553,0.5284565191606116
-6.5,-6.5,9.4,0.6177421290812498,0.6124945301459089,0.6360633671416583,0.5465013994021595
-6.5,-6.5,9.5,0.6182195516342363,0.6066425993722798,0.7158753801851495,0.5706347298092419
-6.5,-6.5,9.600000000000003,0.6181854021879067,0.6083837393706536,0.7549020889650397,0.5821587239837527
-6.5,-6.5,9.700000000000001,0.6172081045206206,0.6115795271380116,0.7643474393333314,0.5868274488052967
-6.5,-6.5,9.8,0.6160262655153335,0.610840444187056,0.7552940594321216,0.5928093801179762
-6.5,-6.5,9.9,0.6137076486877703,0.6036954868675317,0.7352654680054135,0.6025842900623339
-6.5,-6.5,10,0.609588890214716,0.5924673914841063,0.7152990512995747,0.6118686163071475
-6.5,-6.5,10.100000000000003,0.6144242706077886,0.5897785663580608,0.7418765491677859,0.6155837775082244
-6.5,-6.5,10.200000000000001,0.6290706810448732,0.6002249801570475,0.7755897206576172,0.6283528037562399
-6.5,-6.5,10.3,0.6455525900054082,0.6078739530426456,0.7906546543115436,0.6443066156174068
-6.5,-6.5,10.4,0.6585344156268939,0.6086561366191245,0.7776994417902987,0.6523887472506406
-6.5,-6.5,10.5,0.668873934240374,0.6081035569915625,0.7503326916736938,0.6519948712245778
-6.5,-6.5,10.600000000000003,0.6772707290573589,0.6088830117586996,0.7129116833540952,0.6460180661298428
-6.5,-6.5,10.700000000000001,0.6815108395919102,0.6160679153971785,0.665247615552494,0.6360356707604127
-6.5,-6.5,10.8,0.6811455292564005,0.6262859248754209,0.6162548359778932,0.6214522099197906
-6.5,-6.5,10.9,0.6846794390459843,0.6319042419417683,0.571689779715122,0.6068015415112544
-6.5,-6.5,11,0.6921928667014186,0.6268313649495768,0.5322787222826179,0.5927047488985302
-7.000000000000001,-7.000000000000001,5,0.5845317463126317,0.6014282813603522,0.7259730749000832,0.47227189234491
-7.000000000000001,-7.000000000000001,5.1000000000000005,0.5773700267951444,0.5985612996829822,0.6970823581603766,0.49109980619894883
-7.000000000000001,-7.000000000000001,5.2,0.5657617025041077,0.5991340811089051,0.6641731901146972,0.5130910195243801
-7.000000000000001,-7.000000000000001,5.300000000000001,0.5543056234771766,0.5995339797333314,0.6313065519560239,0.5250192550126158
-7.000000000000001,-7.000000000000001,5.4,0.556311205630473,0.5989522801351775,0.608429636225521,0.5205917319224044
-7.000000000000001,-7.000000000000001,5.5,0.576865630045766,0.5871721733856082,0.6032009246127296,0.5704278495722872
-7.000000000000001,-7.000000000000001,5.6000000000000005,0.5969775428167801,0.585834301934061,0.6097735223010393,0.6557455059591667
-7.000000000000001,-7.000000000000001,5.7,0.6147342563660413,0.5991542184597737,0.6134396179678095,0.6926483732681471
-7.000000000000001,-7.000000000000001,5.800000000000001,0.632291581456559,0.612734437269821,0.6018072714661988,0.7061921815215378
-7.000000000000001,-7.000000000000001,5.9,0.6462026551166659,0.6202113900706319,0.5693647228752918,0.7134267091765465
-7.000000000000001,-7.000000000000001,6,0.6545606076088286,0.6183455039458168,0.5168306084903099,0.7200004261405802
-7.000000000000001,-7.000000000000001,6.1000000000000005,0.6570193410430011,0.6093614969479104,0.44792347147169914,0.7188909603969122
-7.000000000000001,-7.000000000000001,6.2,0.6531750737096034,0.6073630649191533,0.3583872216045168,0.6865926268912563
-7.000000000000001,-7.000000000000001,6.300000000000001,0.6544311846525801,0.6221214458752354,0.4012524783809998,0.6753681402757654
-7.000000000000001,-7.000000000000001,6.4,0.6709207484917243,0.6273679040815995,0.48500708134371573,0.7149472269038083
-7.000000000000001,-7.000000000000001,6.5,0.6835662807159262,0.6276759573015666,0.527374193938421,0.7236012517233749
-7.000000000000001,-7.000000000000001,6.6000000000000005,0.6904393986863593,0.6256595319923913,0.5501858065929114,0.7161432160802917
-7.000000000000001,-7.000000000000001,6.7,0.6916172638004912,0.6292926973549695,0.5643883834436911,0.7053782748701211
-7.000000000000001,-7.000000000000001,6.800000000000001,0.6882748711668272,0.6392565757382881,0.5773189613225128,0.6998559559309736
-7.000000000000001,-7.000000000000001,6.9,0.6819316050423573,0.6507877175541176,0.5947153470948501,0.6979528452504034
-7.000000000000001,-7.000000000000001,7,0.6763945958989315,0.6543734803510797,0.6546781218281131,0.6717170684062277
-7.000000000000001,-7.000000000000001,7.1000000000000005,0.6971897873327119,0.6421986724665628,0.790387291400367,0.6658778844866479
-7.000000000000001,-7.000000000000001,7.2,0.7202420227108833,0.6334007766143765,0.8315380154154436,0.6869974570157132
-7.000000000000001,-7.000000000000001,7.300000000000002,0.7366493970408861,0.6330795810403352,0.8345313540689546,0.6931329125420578
-7.000000000000001,-7.000000000000001,7.4,0.7493979884507999,0.6395179076749588,0.8192509892185201,0.6955618769609606
-7.000000000000001,-7.000000000000001,7.500000000000001,0.7572231032313236,0.6448498471910921,0.7871560243154976,0.6977828918236962
-7.000000000000001,-7.000000000000001,7.6000000000000005,0.7572887877121681,0.642504749128386,0.7407225784083414,0.7015335654078656
-7.000000000000001,-7.000000000000001,7.7,0.7477925569813035,0.6301043029082347,0.6883532025461845,0.7050373634372412
-7.000000000000001,-7.000000000000001,7.800000000000002,0.7416441724733113,0.6148053497787642,0.6823449305026873,0.6845476394062825
-7.000000000000001,-7.000000000000001,7.9,0.7594903542994396,0.6216443350429467,0.6972284729994374,0.678962500750272
-7.000000000000001,-7.000000000000001,8,0.7634999188885985,0.6332890570505707,0.6827709382405915,0.6671070392848827
-7.000000000000001,-7.000000000000001,8.1,0.7617331787602076,0.641961463230731,0.6660425409375365,0.6440700280101409
-7.000000000000001,-7.000000000000001,8.2,0.7567665327478594,0.6427425126747711,0.640458391049086,0.6214792600554755
-7.000000000000001,-7.000000000000001,8.3,0.7472754950154116,0.6359132542340059,0.5999418288335772,0.6028786234999679
-7.000000000000001,-7.000000000000001,8.4,0.7309105937372372,0.626863863811611,0.544399054610628,0.5883823846115688
-7.000000000000001,-7.000000000000001,8.5,0.7072142779746932,0.6243888538951474,0.48164357498266713,0.5751249719613606
-7.000000000000001,-7.000000000000001,8.600000000000001,0.6962349493779816,0.6279614543966667,0.4258376068264851,0.5551826021426275
-7.000000000000001,-7.000000000000001,8.700000000000001,0.6919064727438609,0.6272879514764749,0.3879860893846019,0.5553455112638247
-7.000000000000001,-7.000000000000001,8.8,0.6841846098492734,0.6208559261340609,0.36677349691858163,0.542022590695913
-7.000000000000001,-7.000000000000001,8.9,0.6753885908625189,0.6148797281269867,0.3556609340802021,0.5212276475501973
-7.000000000000001,-7.000000000000001,9,0.6657355347246375,0.6165943519852557,0.35357468425490196,0.5041527002339526
-7.000000000000001,-7.000000000000001,9.100000000000003,0.6539736374581878,0.6223783099445277,0.3731729999130428,0.4952733900279622
-7.000000000000001,-7.000000000000001,9.200000000000001,0.6383518404342723,0.6254913356741524,0.4242676954184925,0.49379196859720653
-7.000000000000001,-7.000000000000001,9.3,0.6211741180354968,0.6217344887830206,0.5193754562841425,0.4910894956173112
-7.000000000000001,-7.000000000000001,9.4,0.6177383732233918,0.6124940595036609,0.6360795590891933,0.5036270083896519
-7.000000000000001,-7.000000000000001,9.5,0.6182163595915142,0.6066406174356384,0.7158896872548709,0.5285727711107745
-7.000000000000001,-7.000000000000001,9.600000000000003,0.6181833923991071,0.6083813868596812,0.7549122624034871,0.5427875648437684
-7.000000000000001,-7.000000000000001,9.700000000000001,0.6172071287475929,0.6115780175978838,0.7643523899452541,0.5492874559930705
-7.000000000000001,-7.000000000000001,9.8,0.6160258996271117,0.6108402341246476,0.7552942190137818,0.5559418964668869
-7.000000000000001,-7.000000000000001,9.9,0.6137076430857217,0.6036964799945295,0.7352627200757883,0.5656655247867389
-7.000000000000001,-7.000000000000001,10,0.60958907728036,0.592468769545614,0.7152955155861273,0.5754452915188472
-7.000000000000001,-7.000000000000001,10.100000000000003,0.6144240585147583,0.5897793355394136,0.7418722778322331,0.5774540486449392
-7.000000000000001,-7.000000000000001,10.200000000000001,0.6290716803415728,0.600226483970596,0.775587624438387,0.5863781300608208
-7.000000000000001,-7.000000000000001,10.3,0.6455549925394881,0.6078761546702455,0.7906523615464986,0.6042905590341995
-7.000000000000001,-7.000000000000001,10.4,0.6585374631005176,0.608657855754247,0.7776942483200372,0.617952063685797
-7.000000000000001,-7.000000000000001,10.5,0.668877368792613,0.6081046724964695,0.7503234807317783,0.6227166826801935
-7.000000000000001,-7.000000000000001,10.600000000000003,0.677275168282733,0.6088835999170664,0.7128986696716542,0.6206913934981728
-7.000000000000001,-7.000000000000001,10.700000000000001,0.6815170647009087,0.6160671922668483,0.665231575000503,0.6138942860702713
-7.000000000000001,-7.000000000000001,10.8,0.681152706725952,0.6262855384286989,0.6162331574196585,0.6028350744182092
-7.000000000000001,-7.000000000000001,10.9,0.6846861233620409,0.6319058557426612,0.5716675969088686,0.5883189352767599
-7.000000000000001,-7.000000000000001,11,0.6921989343085299,0.6268356244235586,0.5322563452611613,0.5715153483528155
-7.5,-7.5,5,0.5845317236135161,0.6014283073374613,0.7259728519935957,0.44289271335416247
-7.5,-7.5,5.1000000000000005,0.5773700082403451,0.5985613589100262,0.6970819343916097,0.46699361507805787
-7.5,-7.5,5.2,0.5657616701423005,0.5991341225779454,0.6641726125671811,0.4934180205263687
-7.5,-7.5,5.300000000000001,0.5543055539153676,0.5995340199084118,0.6313058081113426,0.5085646691489667
-7.5,-7.5,5.4,0.5563111592617973,0.598952280776697,0.6084287394488509,0.5017453084012005
-7.5,-7.5,5.5,0.5768656331014265,0.5871720824132237,0.603200313508557,0.5423328839475595
-7.5,-7.5,5.6000000000000005,0.5969774740056539,0.58583429516996,0.609772861164643,0.631668579966068
-7.5,-7.5,5.7,0.6147341494386774,0.5991541136117572,0.613438723508544,0.6756337371980934
-7.5,-7.5,5.800000000000001,0.632291487954097,0.6127342319187857,0.6018062981852629,0.6943715559965412
-7.5,-7.5,5.9,0.6462026495033177,0.6202112285564275,0.5693638674265679,0.705548439397998
-7.5,-7.5,6,0.6545607062675384,0.6183455108298833,0.5168299000209239,0.7154994117390119
-7.5,-7.5,6.1000000000000005,0.6570194091818474,0.6093616788444729,0.4479225371846159,0.7173742247320437
-7.5,-7.5,6.2,0.6531748395823126,0.6073633280133391,0.3583854913799442,0.6849818592178232
-7.5,-7.5,6.300000000000001,0.6544309529146735,0.6221214763007161,0.4012542981690266,0.6655125248827742
-7.5,-7.5,6.4,0.6709201973951461,0.6273677851549061,0.4850087707308482,0.7054991323431754
-7.5,-7.5,6.5,0.6835653919764085,0.6276759963291079,0.5273767603110823,0.7170996306225008
-7.5,-7.5,6.6000000000000005,0.6904383765982959,0.6256594167451411,0.5501894938845115,0.7117636204066766
-7.5,-7.5,6.7,0.6916161347739799,0.6292923637681671,0.5643924703748838,0.7027624843915459
-7.5,-7.5,6.800000000000001,0.6882734987013255,0.6392562136152623,0.5773223126724699,0.6990948794242468
-7.5,-7.5,6.9,0.6819299290182519,0.6507876090236736,0.5947172103360407,0.699118085259743
-7.5,-7.5,7,0.6763931950235832,0.6543735470151049,0.6546798626237186,0.6718773768013145
-7.5,-7.5,7.1000000000000005,0.6971890026156778,0.6421988170026632,0.7903886277508994,0.6600864299544346
-7.5,-7.5,7.2,0.7202414938099794,0.6334009311793719,0.8315396184120774,0.681773605968566
-7.5,-7.5,7.300000000000002,0.7366492070638034,0.6330793854290979,0.8345336024565279,0.6884458276370538
-7.5,-7.5,7.4,0.7493977112456656,0.6395176139145544,0.8192537077495888,0.6904337345123845
-7.5,-7.5,7.500000000000001,0.7572222086930215,0.6448495054214246,0.7871591356043867,0.6917011865926032
-7.5,-7.5,7.6000000000000005,0.7572870473085959,0.6425042272361446,0.7407264709776981,0.6945729688414176
-7.5,-7.5,7.7,0.7477906321943016,0.630103615170313,0.6883586647773897,0.6976768319150124
-7.5,-7.5,7.800000000000002,0.741644268457255,0.6148053038860717,0.6823520457474045,0.6730031774687996
-7.5,-7.5,7.9,0.759491452863196,0.6216452435823162,0.6972333920559354,0.6616275323645625
-7.5,-7.5,8,0.7635016630622552,0.6332902114848455,0.6827752275023484,0.6482608045766173
-7.5,-7.5,8.1,0.7617348109389829,0.6419619064945283,0.6660458533705217,0.6235964760155585
-7.5,-7.5,8.2,0.756767130775989,0.6427423104062674,0.6404604966689973,0.5989324329918443
-7.5,-7.5,8.3,0.7472749719489195,0.6359132198538525,0.5999431630513793,0.577996874967485
-7.5,-7.5,8.4,0.730910101461797,0.6268645384212098,0.5444000870047155,0.5615704695789802
-7.5,-7.5,8.5,0.707215607148352,0.6243894727637056,0.48164388006810976,0.5482735926124193
-7.5,-7.5,8.600000000000001,0.6962388799471052,0.6279610797682693,0.4258365442766232,0.523600055986851
-7.5,-7.5,8.700000000000001,0.6919102697259006,0.6272869527314817,0.38798491502553717,0.5206243097836978
-7.5,-7.5,8.8,0.6841867485519486,0.6208553785424751,0.36677207714422205,0.5071440961289306
-7.5,-7.5,8.9,0.6753883941578048,0.6148799340716526,0.3556595447053632,0.48634509555803757
-7.5,-7.5,9,0.6657335920102748,0.6165942008355317,0.35357694492964703,0.46889649546064854
-7.5,-7.5,9.100000000000003,0.6539715366674271,0.6223775315505214,0.37318191851573634,0.4591899060449555
-7.5,-7.5,9.200000000000001,0.6383515280567507,0.6254909651635094,0.4242803602251944,0.4570263771086823
-7.5,-7.5,9.3,0.6211770668396855,0.6217349800218602,0.5193919177320597,0.45501929852582595
-7.5,-7.5,9.4,0.6177431438541001,0.6124957197489542,0.6360987996236952,0.4628494294998595
-7.5,-7.5,9.5,0.6182208026329568,0.6066428340562889,0.7159092928229874,0.4877282260422274
-7.5,-7.5,9.600000000000003,0.6181863726990614,0.6083827720419335,0.7549310892968301,0.5039620990654353
-7.5,-7.5,9.700000000000001,0.6172089051710038,0.6115781253557607,0.7643697754014821,0.5121768696447693
-7.5,-7.5,9.8,0.6160271092812336,0.6108393512716072,0.7553096511098344,0.5198088528384416
-7.5,-7.5,9.9,0.6137085727443996,0.6036951851141178,0.7352762601048929,0.5300043678667138
-7.5,-7.5,10,0.6095898797117045,0.5924679274904714,0.7153076777807611,0.5407856513654784
-7.5,-7.5,10.100000000000003,0.6144253867907288,0.5897797388698095,0.7418856474522947,0.5432051392816659
-7.5,-7.5,10.200000000000001,0.6290722436194764,0.6002269708871266,0.7756014900459934,0.549066825400413
-7.5,-7.5,10.3,0.6455543442934694,0.60787655078601,0.7906653585628948,0.5682384920331505
-7.5,-7.5,10.4,0.6585355088929564,0.6086585471586093,0.7777062747243896,0.586911899517056
-7.5,-7.5,10.5,0.6688737234368264,0.6081048481610766,0.7503349507505739,0.5968118704424257
-7.5,-7.5,10.600000000000003,0.6772695944756234,0.6088831169573502,0.7129108688464081,0.5989836029679438
-7.5,-7.5,10.700000000000001,0.6815100391505887,0.6160667630084615,0.6652449489069349,0.5955705825026582
-7.5,-7.5,10.8,0.6811460376255878,0.626283884370371,0.6162470337502154,0.5882016664074272
-7.5,-7.5,10.9,0.6846812690715417,0.6319019710540977,0.571681691621769,0.574894015884382
-7.5,-7.5,11,0.6921950228167408,0.626830512588175,0.5322719775509791,0.5560313957460733
-8,-8,5,0.5845317303794336,0.6014283414275472,0.725972523779843,0.4190300507233217
-8,-8,5.1000000000000005,0.5773700013115732,0.5985613298678367,0.697081846677643,0.44848054067954535
-8,-8,5.2,0.5657616627817126,0.5991340726655325,0.6641728536146689,0.47948007493718325
-8,-8,5.300000000000001,0.5543055678867443,0.5995339914198016,0.6313064697012291,0.4983234430091317
-8,-8,5.4,0.5563112762537183,0.5989522293655648,0.6084300097621446,0.490596879746896
-8,-8,5.5,0.5768657660292558,0.5871719438992444,0.6032022533760742,0.5221194991234732
-8,-8,5.6000000000000005,0.5969774760045717,0.5858342147953163,0.6097750225190721,0.6132443863440585
-8,-8,5.7,0.6147341867701206,0.599154032944281,0.6134408053481515,0.6629638637819809
-8,-8,5.800000000000001,0.632291578818017,0.6127342713390757,0.6018083287328522,0.6861678910514104
-8,-8,5.9,0.6462026338272316,0.6202113987964388,0.5693658625036613,0.7007951561781115
-8,-8,6,0.6545603844422239,0.6183456563861374,0.5168318130013437,0.713772629953376
-8,-8,6.1000000000000005,0.6570186400805603,0.6093615737906788,0.44792413197802877,0.7185334297283422
-8,-8,6.2,0.6531736027127311,0.6073629774052881,0.35838631904153034,0.6868344496926357
-8,-8,6.300000000000001,0.6544299399926453,0.6221211528537429,0.4012543455221597,0.6602100207556468
-8,-8,6.4,0.6709193908101029,0.6273678683781154,0.48500798002057904,0.6993625381725892
-8,-8,6.5,0.6835647791313505,0.6276761125575644,0.5273752912602169,0.7130589738389154
-8,-8,6.6000000000000005,0.6904379474897192,0.6256593951380601,0.5501868088694041,0.7093579573565727
-8,-8,6.7,0.6916158694482051,0.6292923259653763,0.5643879377863784,0.7017415691029585
-8,-8,6.800000000000001,0.6882734921642963,0.6392563350112327,0.5773160241994032,0.6995775391100959
-8,-8,6.9,0.681930226664267,0.650787780954281,0.5947104826168791,0.7013179830364799
-8,-8,7,0.6763940290304216,0.654373439000888,0.6546776463360126,0.6736223788406612
-8,-8,7.1000000000000005,0.6971906935127316,0.6421983757323815,0.7903860724998237,0.6560951649345322
-8,-8,7.2,0.7202424778427599,0.6334002016442445,0.8315354621087906,0.6773628254979279
-8,-8,7.300000000000002,0.7366492147866848,0.633079098157466,0.8345301587016754,0.683997696213775
-8,-8,7.4,0.749396785969178,0.6395177983809454,0.8192513709896231,0.6852099388228474
-8,-8,7.500000000000001,0.7572207921041917,0.6448497124845508,0.7871578348381044,0.6852879906078123
-8,-8,7.6000000000000005,0.7572858749972464,0.6425041729984714,0.7407257783789724,0.6870681858884705
-8,-8,7.7,0.7477899804731577,0.6301031616412548,0.6883584190227571,0.6896521164411453
-8,-8,7.800000000000002,0.7416455050410794,0.6148050029993943,0.6823579674629916,0.6616249121177141
-8,-8,7.9,0.7594928046113035,0.6216450984773444,0.6972392534524753,0.6445205675322762
-8,-8,8,0.7635025750388725,0.6332896230664469,0.6827815430156144,0.6291662635125835
-8,-8,8.1,0.7617354942215468,0.6419611215231553,0.6660535002979904,0.602660044302337
-8,-8,8.2,0.7567678999032523,0.6427416393274022,0.6404699006453081,0.5758657702367169
-8,-8,8.3,0.747275875227636,0.6359128482785704,0.599953749958979,0.5526096665831741
-8,-8,8.4,0.7309105750358952,0.6268644098646109,0.544410623594905,0.5342346766632817
-8,-8,8.5,0.7072151977252554,0.6243896219721957,0.4816538388165566,0.52082206031576
-8,-8,8.600000000000001,0.6962397227841932,0.627961472455946,0.4258478597298185,0.4926566650938971
-8,-8,8.700000000000001,0.6919111964841228,0.6272874620293354,0.38799570657981813,0.4865151875569874
-8,-8,8.8,0.6841888843228164,0.6208557642154995,0.36678244771235563,0.4725346416025819
-8,-8,8.9,0.6753918471784522,0.6148803559735662,0.355668520204216,0.45157680405694445
-8,-8,9,0.6657376181913857,0.6165947750708665,0.3535801370803213,0.4337411586906164
-8,-8,9.100000000000003,0.6539749938384884,0.6223780189035527,0.3731747371280883,0.4232464722341706
-8,-8,9.200000000000001,0.6383535010167665,0.6254910867770106,0.42426719362696813,0.4203462617566777
-8,-8,9.3,0.6211784972839334,0.6217348195034027,0.5193762810661057,0.41930924365008493
-8,-8,9.4,0.6177449693222876,0.6124957162695968,0.6360745077926615,0.42346358635882037
-8,-8,9.5,0.6182231946562716,0.6066437448326726,0.7158826615041253,0.44792017272487555
-8,-8,9.600000000000003,0.6181892812619716,0.608384315011783,0.7549045359835782,0.46587119930457743
-8,-8,9.700000000000001,0.6172118550232033,0.6115794854669576,0.7643455100855765,0.4759124639981725
-8,-8,9.8,0.6160299926215189,0.6108401507317722,0.7552881902958394,0.4849626110180972
-8,-8,9.9,0.6137113478195398,0.6036951948710306,0.7352568186023314,0.4962330603753977
-8,-8,10,0.609592620868506,0.5924672641693585,0.7152916732426009,0.508469231954829
-8,-8,10.100000000000003,0.6144283711294883,0.5897790967954303,0.7418741626632936,0.5128581045794833
-8,-8,10.200000000000001,0.6290749968606163,0.600226536601194,0.7755927351875268,0.5166302331551559
-8,-8,10.3,0.6455571169328295,0.6078759546708211,0.790660363257007,0.5365591149540645
-8,-8,10.4,0.658538386885301,0.6086576567472879,0.7777042006324507,0.5595712265280244
-8,-8,10.5,0.6688767163782106,0.608104394983942,0.7503344460624047,0.5742603847244476
-8,-8,10.600000000000003,0.6772723623755481,0.6088837627106687,0.7129112912268987,0.5804878947042695
-8,-8,10.700000000000001,0.6815122169681949,0.6160676619459263,0.6652474583017959,0.580343237312136
-8,-8,10.8,0.6811483598710282,0.626284038233234,0.6162566434089028,0.5764422743539754
-8,-8,10.9,0.6846829554710946,0.631902192112718,0.5716943102964419,0.5650049662501687
-8,-8,11,0.6921958115247799,0.6268320154544639,0.5322845339316005,0.5448688016700495
-8.5,-8.5,5,0.5845316239860541,0.6014283017573265,0.7259724044811677,0.3999639696476179
-8.5,-8.5,5.1000000000000005,0.5773699194111278,0.5985612763809377,0.6970818915690904,0.43460955400173523
-8.5,-8.5,5.2,0.5657615935900404,0.5991340497181441,0.6641730469741902,0.4700520647025237
-8.5,-8.5,5.300000000000001,0.5543055289932542,0.599534004773395,0.6313068265368066,0.4926896827957668
-8.5,-8.5,5.4,0.5563113048384593,0.5989523154849157,0.6084305657738942,0.48507170331393934
-8.5,-8.5,5.5,0.5768658902910517,0.5871720375811391,0.6032025123153067,0.5082097508518866
-8.5,-8.5,5.6000000000000005,0.5969776853566546,0.5858342029176286,0.6097750753581749,0.5993647288286446
-8.5,-8.5,5.7,0.6147344245030111,0.5991540767942912,0.6134409277998659,0.6535773114409512
-8.5,-8.5,5.800000000000001,0.632291795855638,0.6127343782981338,0.601808523309808,0.680471868429837
-8.5,-8.5,5.9,0.6462028114949502,0.6202115016696776,0.569366082058811,0.6979977538596336
-8.5,-8.5,6,0.6545605659299172,0.6183457175224646,0.5168320739491271,0.7135710410925742
-8.5,-8.5,6.1000000000000005,0.6570189761039196,0.6093615974939933,0.4479247000656546,0.7209548512977653
-8.5,-8.5,6.2,0.6531743874197773,0.6073630520870167,0.3583874154729756,0.6903881273138535
-8.5,-8.5,6.300000000000001,0.6544308018698062,0.6221213639621463,0.4012533515244141,0.6577738190878715
-8.5,-8.5,6.4,0.6709202504140204,0.6273679902198563,0.4850072753044823,0.695380783220963
-8.5,-8.5,6.5,0.683565676909734,0.6276760598144097,0.5273740378621203,0.7105536402286196
-8.5,-8.5,6.6000000000000005,0.6904387801681732,0.6256594323851609,0.5501847104248968,0.7081756208210472
-8.5,-8.5,6.7,0.6916165941783942,0.6292924726205016,0.5643853806352047,0.7017573600458565
-8.5,-8.5,6.800000000000001,0.6882741341663783,0.639256517424723,0.5773136843004311,0.7009418623905797
-8.5,-8.5,6.9,0.6819308788683895,0.650787920634447,0.5947086305940128,0.7043227802462635
-8.5,-8.5,7,0.6763945360457461,0.6543736794825902,0.65467487567672,0.6767439849857628
-8.5,-8.5,7.1000000000000005,0.6971904106914069,0.6421987019734012,0.7903852553586526,0.6541746082443591
-8.5,-8.5,7.2,0.7202419192247191,0.6334006432018912,0.8315365153062121,0.6745819010699492
-8.5,-8.5,7.300000000000002,0.736648526890289,0.6330794136377896,0.8345317488563943,0.6809750379664574
-8.5,-8.5,7.4,0.7493961226923871,0.6395176678942751,0.8192528449436951,0.6813857832235337
-8.5,-8.5,7.500000000000001,0.7572205784639857,0.6448492912971526,0.7871587164734312,0.6803063894843547
-8.5,-8.5,7.6000000000000005,0.7572863442024607,0.642503834933021,0.7407257464133205,0.6810049257252689
-8.5,-8.5,7.7,0.7477909333211519,0.630103315089487,0.6883571340262588,0.6830796202035144
-8.5,-8.5,7.800000000000002,0.7416450386498077,0.6148052528828891,0.6823531170757634,0.6524471492192944
-8.5,-8.5,7.9,0.7594913939828938,0.6216446301622794,0.6972352801574394,0.6299092797421998
-8.5,-8.5,8,0.7635001514793722,0.6332888974983335,0.6827777096297559,0.612294253940651
-8.5,-8.5,8.1,0.761732016984959,0.6419607353597763,0.6660495436939186,0.583791625167252
-8.5,-8.5,8.2,0.7567639545996118,0.6427418130648611,0.6404660249585451,0.5547862491211363
-8.5,-8.5,8.3,0.7472722957681036,0.6359131820857284,0.5999504084310561,0.5291488284104288
-8.5,-8.5,8.4,0.7309080206983674,0.626864224590416,0.544408276720547,0.5087081422879369
-8.5,-8.5,8.5,0.7072134319189375,0.6243888651163423,0.4816528552388844,0.494940769118791
-8.5,-8.5,8.600000000000001,0.6962366805848117,0.6279605101670357,0.4258469596397972,0.4640412990152791
-8.5,-8.5,8.700000000000001,0.6919082973846538,0.6272870315679152,0.3879950860126416,0.45468949919682367
-8.5,-8.5,8.8,0.6841859793996498,0.6208559393416199,0.3667819101953513,0.43984593168696434
-8.5,-8.5,8.9,0.6753892285444817,0.6148804424784796,0.35566833130311953,0.41847388078992886
-8.5,-8.5,9,0.6657355935182447,0.6165947245290034,0.3535814943863433,0.40010069770756596
-8.5,-8.5,9.100000000000003,0.6539735839149046,0.6223782257503934,0.37317786866724906,0.38872508512352005
-8.5,-8.5,9.200000000000001,0.6383523798105989,0.6254914351401015,0.4242707176873403,0.3849321807290294
-8.5,-8.5,9.3,0.6211759914477202,0.6217349203277712,0.5193793244436612,0.38484279161887996
-8.5,-8.5,9.4,0.617740803143698,0.6124950693540477,0.6360801307001495,0.38610197470321245
-8.5,-8.5,9.5,0.6182186993978833,0.6066418336725345,0.7158875889443328,0.4098830579687944
-8.5,-8.5,9.600000000000003,0.6181851784443846,0.6083819633926476,0.7549094952480097,0.4293642004126479
-8.5,-8.5,9.700000000000001,0.6172085285419463,0.6115780635957095,0.7643512587565565,0.44140858601768834
-8.5,-8.5,9.8,0.6160275918954451,0.6108402073187013,0.7552948549630493,0.45234584905837016
-8.5,-8.5,9.9,0.6137100610190519,0.6036965706274631,0.7352633012188887,0.4653234094373574
-8.5,-8.5,10,0.6095925030120407,0.5924689919033007,0.7152942056298001,0.4794873003494157
-8.5,-8.5,10.100000000000003,0.6144287004718407,0.5897801065976919,0.7418709648907456,0.4870671854605336
-8.5,-8.5,10.200000000000001,0.6290766886529772,0.6002268894847147,0.775586454516843,0.48979257075165883
-8.5,-8.5,10.3,0.6455588726016052,0.6078752503152751,0.7906497310511768,0.5101195147694371
-8.5,-8.5,10.4,0.6585397414197821,0.6086563114302288,0.7776914376787406,0.5368788648180864
-8.5,-8.5,10.5,0.6688783637320078,0.6081035884824678,0.7503231249221276,0.556037795425501
-8.5,-8.5,10.600000000000003,0.6772752553748633,0.6088834659657657,0.7129023315264101,0.5661688389386261
-8.5,-8.5,10.700000000000001,0.6815166973651344,0.6160677713651199,0.6652390013973202,0.5691542949839374
-8.5,-8.5,10.8,0.681152449631447,0.6262853648403066,0.6162430993145429,0.5683837083190029
-8.5,-8.5,10.9,0.6846858775844327,0.631904530979224,0.5716774359964473,0.5591363231712949
-8.5,-8.5,11,0.692197257117536,0.6268333093844063,0.5322661208684839,0.5381439327907249
-9,-9,5,0.5845315904974084,0.6014282630699185,0.7259723827882324,0.38479188428252403
-9,-9,5.1000000000000005,0.5773698659588822,0.5985612812515803,0.6970817380349149,0.42431873419370364
-9,-9,5.2,0.5657615265989276,0.5991340656419022,0.6641727362304582,0.46393505989512124
-9,-9,5.300000000000001,0.5543054435158743,0.5995340016250469,0.6313063190736234,0.4902942658501889
-9,-9,5.4,0.5563111387231521,0.598952298417689,0.6084296551174299,0.483476833619217
-9,-9,5.5,0.5768656623211014,0.5871720700900379,0.6032012922063892,0.4990815003509658
-9,-9,5.6000000000000005,0.5969774570171522,0.5858342513647486,0.6097739949558456,0.5889891935663059
-9,-9,5.7,0.6147341425235053,0.5991540964175947,0.6134399815949173,0.6466476174071949
-9,-9,5.800000000000001,0.6322914881220463,0.6127342528682015,0.6018076357073551,0.6765534076583909
-9,-9,5.9,0.6462025793095828,0.62021122627736,0.569365227716787,0.6964663826784775
-9,-9,6,0.6545604971529629,0.6183454685139361,0.5168312734590491,0.7142047096903069
-9,-9,6.1000000000000005,0.6570190814089134,0.6093615411283493,0.44792399256577387,0.7238782296676342
-9,-9,6.2,0.653174526358805,0.6073630803244949,0.3583867434678954,0.694591618968635
-9,-9,6.300000000000001,0.6544306088276194,0.6221212622577953,0.40125389084025614,0.6568330402259934
-9,-9,6.4,0.6709197882566404,0.6273677464253022,0.4850086010038887,0.6923699072022363
-9,-9,6.5,0.6835648920999966,0.6276759094579317,0.5273763743958632,0.7084243123994415
-9,-9,6.6000000000000005,0.690437722987781,0.6256592309294328,0.550188554225543,0.706976821014063
-9,-9,6.7,0.6916153639168079,0.629292234823278,0.5643908236327703,0.7014574542062973
-9,-9,6.800000000000001,0.688272811993801,0.6392561850128703,0.5773200054427733,0.7017135990571044
-9,-9,6.9,0.6819295516667707,0.6507876143198184,0.5947143123164933,0.7064894541976633
-9,-9,7,0.6763930978189455,0.6543734817711213,0.6546765713144508,0.6792629938783359
-9,-9,7.1000000000000005,0.697189048392682,0.6421985922843861,0.7903848153427225,0.6522597237766372
-9,-9,7.2,0.7202411821806791,0.6334007253559074,0.8315347715972502,0.6714716126197812
-9,-9,7.300000000000002,0.736648346554924,0.6330792467431641,0.8345282850264818,0.6774055284050216
-9,-9,7.4,0.7493962607625689,0.6395173853736144,0.8192482961907603,0.6769533422841855
-9,-9,7.500000000000001,0.7572204543670711,0.6448491358307915,0.7871540580077708,0.6747298519115702
-9,-9,7.6000000000000005,0.7572853232563254,0.6425037919165971,0.7407218645678411,0.6743592219777689
-9,-9,7.7,0.7477888740634674,0.630103157675036,0.6883541947264629,0.6758941953207495
-9,-9,7.800000000000002,0.7416426468336901,0.6148047875209467,0.6823499344985837,0.6432227286162627
-9,-9,7.9,0.7594892119330741,0.6216444316791048,0.6972319140002708,0.6158074069417477
-9,-9,8,0.7634988894081198,0.6332894259865284,0.6827748308447127,0.5959174223760038
-9,-9,8.1,0.7617322223341539,0.6419616366595462,0.6660469304549,0.5654845511243914
-9,-9,8.2,0.7567654371081508,0.6427422863456504,0.6404628058303711,0.5344063193260337
-9,-9,8.3,0.7472742813207651,0.63591276806986,0.5999458140991082,0.5065481500737788
-9,-9,8.4,0.7309095930961255,0.6268635177768224,0.5444021730247435,0.4841472125010429
-9,-9,8.5,0.7072141500146646,0.6243890303113501,0.48164599799703467,0.46992380799441197
-9,-9,8.600000000000001,0.696236659827564,0.6279616904478426,0.4258393161979917,0.4369583154888857
-9,-9,8.700000000000001,0.6919080973695302,0.6272876521112861,0.3879871118781981,0.4246348510228576
-9,-9,8.8,0.6841860163445931,0.6208552423844313,0.3667745293775569,0.408788767444288
-9,-9,8.9,0.6753897179125096,0.6148792511882489,0.3556615802141659,0.38692161623392984
-9,-9,9,0.6657364171221466,0.6165941379780636,0.35357427830689275,0.36801876327265254
-9,-9,9.100000000000003,0.6539744956172219,0.6223778325099405,0.37317162983809443,0.35582312111954323
-9,-9,9.200000000000001,0.638353249365012,0.6254906321790409,0.424265714375824,0.3511416132650875
-9,-9,9.3,0.6211771975092962,0.6217338406795265,0.5193729294027237,0.35195680887060443
-9,-9,9.4,0.6177424448093548,0.6124943017742555,0.6360808924064943,0.3511098094780676
-9,-9,9.5,0.6182201193141169,0.6066420879529965,0.7158946819088557,0.3741891171765226
-9,-9,9.600000000000003,0.6181859150492545,0.6083831496176447,0.7549185886728432,0.39512820619386324
-9,-9,9.700000000000001,0.6172083381396644,0.6115788845307595,0.7643589275272146,0.4093649441543374
-9,-9,9.8,0.6160266138968801,0.6108397798574529,0.7553010340860661,0.422601199335502
-9,-9,9.9,0.6137084759861886,0.603694851781701,0.7352695157919437,0.43779949586023575
-9,-9,10,0.609590424700366,0.5924667959103331,0.715300210446777,0.4541859965908361
-9,-9,10.100000000000003,0.6144256487724891,0.5897780440225296,0.7418747221234036,0.46556625380582256
-9,-9,10.200000000000001,0.6290722259207483,0.6002253828955801,0.7755915221242456,0.46808785812511206
-9,-9,10.3,0.6455537860698444,0.6078744276469564,0.7906582039142281,0.48846632270337975
-9,-9,10.4,0.658534658877069,0.6086558275178166,0.7777028392714388,0.5181830509134311
-9,-9,10.5,0.6688732228554208,0.608102532488322,0.7503345958309158,0.5411582931149508
-9,-9,10.600000000000003,0.6772694994507482,0.6088818113359956,0.7129106556756789,0.5547012187475316
-9,-9,10.700000000000001,0.6815094133713544,0.616066548334361,0.6652422258113221,0.5604243132305716
-9,-9,10.8,0.6811435128202764,0.6262846209816832,0.6162423242413818,0.5622811522006318
-9,-9,10.9,0.6846753664290042,0.6319031541104011,0.5716724629686446,0.5552711189208334
-9,-9,11,0.6921880399795842,0.6268303816774888,0.5322596644430996,0.5338257199142008
-9.5,-9.5,5,0.5845316435878751,0.6014282792784675,0.7259725948136904,0.3733210494711492
-9.5,-9.5,5.1000000000000005,0.5773699019559829,0.5985612917038868,0.6970819145792596,0.41728354141837143
-9.5,-9.5,5.2,0.5657615672444739,0.5991340677498135,0.6641728849418084,0.46070314323347955
-9.5,-9.5,5.300000000000001,0.5543055106593848,0.5995340002651645,0.6313065095183608,0.4906029864181372
-9.5,-9.5,5.4,0.5563112370428618,0.5989522818987973,0.608430159326978,0.48506914938694595
-9.5,-9.5,5.5,0.5768658049983202,0.5871720804305396,0.6032024110553384,0.494047450945272
-9.5,-9.5,5.6000000000000005,0.5969777006238043,0.5858342074640698,0.6097752523994078,0.5817979072817859
-9.5,-9.5,5.7,0.6147344799523377,0.5991540380504244,0.6134411178782818,0.6420774340284124
-9.5,-9.5,5.800000000000001,0.6322919372143833,0.6127343502489552,0.6018086804459956,0.6744810333708232
-9.5,-9.5,5.9,0.6462031053350156,0.6202116337620147,0.5693662205859734,0.6964139303427734
-9.5,-9.5,6,0.6545609755801163,0.6183460351797572,0.5168322037167156,0.7160213345407118
-9.5,-9.5,6.1000000000000005,0.6570193230705405,0.6093619819700374,0.44792483395740973,0.7277711314973602
-9.5,-9.5,6.2,0.653174341891458,0.6073630795807449,0.35838776767509434,0.6999296377072064
-9.5,-9.5,6.300000000000001,0.6544301618674998,0.6221211130803385,0.40125255126711384,0.6577916431499117
-9.5,-9.5,6.4,0.6709194681825469,0.6273677669436312,0.4850072882197423,0.6909705483677099
-9.5,-9.5,6.5,0.6835649223736953,0.6276761939918215,0.5273754433346622,0.7075026739545138
-9.5,-9.5,6.6000000000000005,0.6904382124498808,0.6256594329449744,0.5501876656843757,0.7067041077147447
-9.5,-9.5,6.7,0.6916161984879763,0.6292923652710386,0.5643891417065263,0.701844788402536
-9.5,-9.5,6.800000000000001,0.6882737585497737,0.6392563494706013,0.5773167932664781,0.7029326254360204
-9.5,-9.5,6.9,0.6819304070558002,0.6507878164036227,0.5947097442872297,0.7088851927891532
-9.5,-9.5,7,0.6763939420453547,0.6543736724719827,0.6546729242808648,0.682147940491103
-9.5,-9.5,7.1000000000000005,0.6971903064959436,0.6421988451291019,0.7903823829328284,0.6511211031774257
-9.5,-9.5,7.2,0.7202427287516631,0.6334007961554774,0.8315326038392415,0.668849511781838
-9.5,-9.5,7.300000000000002,0.7366499589561266,0.6330794451661503,0.8345264825113108,0.6740950577061855
-9.5,-9.5,7.4,0.7493978289638128,0.6395177826959693,0.8192469153745564,0.6726525061494111
-9.5,-9.5,7.500000000000001,0.7572220412037132,0.6448495800411902,0.7871527885346682,0.669207060263794
-9.5,-9.5,7.6000000000000005,0.7572869314102848,0.6425041728462254,0.7407203161885207,0.6676847271803228
-9.5,-9.5,7.7,0.7477901901368511,0.6301034941188934,0.6883528149624816,0.6685600699730354
-9.5,-9.5,7.800000000000002,0.741643013753056,0.6148049830819592,0.6823509044696506,0.6341621467471689
-9.5,-9.5,7.9,0.7594890299397485,0.6216443844413566,0.6972337738427693,0.6022337854296833
-9.5,-9.5,8,0.763497796198177,0.6332889435385866,0.6827762055327499,0.580005245554984
-9.5,-9.5,8.1,0.7617305490869243,0.6419611639918708,0.6660487503380291,0.5476195706042379
-9.5,-9.5,8.2,0.7567638912008171,0.6427422846287209,0.6404657152494282,0.5144994395822124
-9.5,-9.5,8.3,0.7472731976468691,0.6359129955743927,0.5999496328198896,0.48448191445379307
-9.5,-9.5,8.4,0.7309085064919475,0.6268634492756732,0.5444061894615294,0.4601536147987047
-9.5,-9.5,8.5,0.7072123081526999,0.6243885728255385,0.48164985752401696,0.44532114605387
-9.5,-9.5,8.600000000000001,0.696234373960222,0.6279614911223035,0.425843752737935,0.41068902959067066
-9.5,-9.5,8.700000000000001,0.6919062613190073,0.6272878596349655,0.3879915255079056,0.39560038240078077
-9.5,-9.5,8.8,0.6841853373147392,0.6208556427440132,0.3667793673055299,0.37866270289964765
-9.5,-9.5,8.9,0.6753902370019466,0.6148795743352605,0.35566684279736815,0.35624544612085707
-9.5,-9.5,9,0.6657374425626498,0.6165944178920406,0.353577875803121,0.33681957984593813
-9.5,-9.5,9.100000000000003,0.6539749133760651,0.6223781429231443,0.373170301345795,0.3238606502601949
-9.5,-9.5,9.200000000000001,0.6383520920543871,0.6254910826310305,0.4242613454786097,0.31831570313696167
-9.5,-9.5,9.3,0.6211745627479566,0.621734318948758,0.5193670773438955,0.31995111287950834
-9.5,-9.5,9.4,0.617739703827201,0.6124944713538496,0.6360680311675343,0.3176459598196553
-9.5,-9.5,9.5,0.6182184714335629,0.6066422233882762,0.7158769783955283,0.34008727818238454
-9.5,-9.5,9.600000000000003,0.6181859221914539,0.6083830740154869,0.7549007770451155,0.3625946134176231
-9.5,-9.5,9.700000000000001,0.6172097865763448,0.6115788755895807,0.7643433006289584,0.37940709269430406
-9.5,-9.5,9.8,0.6160285740894273,0.6108404736118648,0.7552868811926237,0.3955190433066227
-9.5,-9.5,9.9,0.6137102184349776,0.6036967299696563,0.7352554397769788,0.41358402727876775
-9.5,-9.5,10,0.6095913232282055,0.5924693728918573,0.715286557475511,0.43261448955081533
-9.5,-9.5,10.100000000000003,0.6144256087604558,0.5897799972691837,0.7418638162966765,0.44826999495791875
-9.5,-9.5,10.200000000000001,0.6290724574836826,0.600226677843115,0.7755810023864157,0.45139286484010654
-9.5,-9.5,10.3,0.6455550399196297,0.6078760904265949,0.7906453992636294,0.4716208286931704
-9.5,-9.5,10.4,0.6585375540402906,0.6086587986172511,0.7776903402630566,0.503686821515868
-9.5,-9.5,10.5,0.6688781075117757,0.608106259337661,0.7503256923875226,0.5300150388075753
-9.5,-9.5,10.600000000000003,0.6772764135675992,0.6088849313460164,0.712906334709816,0.5466621984895221
-9.5,-9.5,10.700000000000001,0.6815177350512556,0.6160685834580513,0.6652417039090642,0.5549002387815269
-9.5,-9.5,10.8,0.6811518825822004,0.6262867993793834,0.616245423809907,0.5590340566565157
-9.5,-9.5,10.9,0.6846840841520693,0.63190617173315,0.5716807294147582,0.5542867299056462
-9.5,-9.5,11,0.6921962256042139,0.6268350229844323,0.5322701745801987,0.5326531971482514
