x1 (cm),y1 (cm),freq (GHz),"Electric field norm (V/m), Boundary Probe 2","Electric field norm (V/m), Boundary Probe 3","Electric field norm (V/m), Point Probe 2","Electric field norm (V/m), Detector"
-4.5,-4.5,5,0.58328245,0.586971223,0.86529603,0.813739893
-4.5,-4.5,5.1,0.585211661,0.58634758,0.849373473,0.806331638
-4.5,-4.5,5.2,0.587751922,0.595712041,0.825246485,0.810471858
-4.5,-4.5,5.3,0.594734302,0.606851568,0.794477986,0.817814893
-4.5,-4.5,5.4,0.611819222,0.611000054,0.764331584,0.836417491
-4.5,-4.5,5.5,0.63846206,0.599178956,0.742239259,0.893528096
-4.5,-4.5,5.6,0.662661444,0.598748911,0.726251533,0.913248718
-4.5,-4.5,5.7,0.68168811,0.61435916,0.706743696,0.893195567
-4.5,-4.5,5.8,0.69568597,0.627465014,0.67563058,0.868413398
-4.5,-4.5,5.9,0.704329129,0.630795383,0.630184924,0.851128834
-4.5,-4.5,6,0.708579644,0.62242611,0.571345206,0.845563862
-4.5,-4.5,6.1,0.709055575,0.609245305,0.501885569,0.848023123
-4.5,-4.5,6.2,0.705168549,0.608054061,0.418201044,0.857432429
-4.5,-4.5,6.3,0.706385829,0.626233016,0.347435297,0.897704316
-4.5,-4.5,6.4,0.723683257,0.632735645,0.391942808,0.908448992
-4.5,-4.5,6.5,0.739243232,0.630301409,0.422033054,0.901389949
-4.5,-4.5,6.6,0.74802185,0.622766313,0.431231326,0.889609314
-4.5,-4.5,6.7,0.748492233,0.619085511,0.436390774,0.873390354
-4.5,-4.5,6.8,0.741292257,0.62508463,0.453240464,0.856491263
-4.5,-4.5,6.9,0.72955003,0.636663896,0.48978872,0.844117367
-4.5,-4.5,7,0.71585235,0.643410982,0.579769733,0.842757559
-4.5,-4.5,7.1,0.727346705,0.637044225,0.716320937,0.856957831
-4.5,-4.5,7.2,0.744410904,0.633534635,0.756787636,0.845836949
-4.5,-4.5,7.3,0.755405465,0.631983729,0.768494104,0.837331219
-4.5,-4.5,7.4,0.762758043,0.634724879,0.768836417,0.8358986
-4.5,-4.5,7.5,0.76457917,0.63611576,0.759578298,0.836617473
-4.5,-4.5,7.6,0.759268925,0.631049292,0.743523453,0.834864707
-4.5,-4.5,7.7,0.747680417,0.620151754,0.728566361,0.830128787
-4.5,-4.5,7.8,0.740297904,0.610000921,0.760415397,0.841562795
-4.5,-4.5,7.9,0.752561659,0.619080615,0.783461089,0.844076817
-4.5,-4.5,8,0.754533871,0.631939931,0.768478983,0.819641871
-4.5,-4.5,8.1,0.753385667,0.639483233,0.746060645,0.800769513
-4.5,-4.5,8.2,0.750514865,0.637334962,0.712849926,0.794818838
-4.5,-4.5,8.3,0.74401236,0.626353112,0.665013217,0.800224592
-4.5,-4.5,8.4,0.73171184,0.614386101,0.603036908,0.811226945
-4.5,-4.5,8.5,0.71361509,0.612726372,0.534481212,0.824834142
-4.5,-4.5,8.6,0.706852577,0.616764144,0.474490127,0.868863406
-4.5,-4.5,8.7,0.704776168,0.614242598,0.439207405,0.877231434
-4.5,-4.5,8.8,0.698321767,0.607907821,0.426523255,0.859506867
-4.5,-4.5,8.9,0.690037768,0.599953398,0.41617821,0.836534831
-4.5,-4.5,9,0.680358023,0.598822626,0.397184947,0.819411531
-4.5,-4.5,9.1,0.668334852,0.604552662,0.373267663,0.813118506
-4.5,-4.5,9.2,0.652508962,0.610938435,0.36049742,0.815980074
-4.5,-4.5,9.3,0.635945882,0.609868974,0.404714681,0.834604322
-4.5,-4.5,9.4,0.632788232,0.60219181,0.49566858,0.87801816
-4.5,-4.5,9.5,0.634966421,0.59785979,0.564245304,0.889507085
-4.5,-4.5,9.6,0.638649173,0.601446356,0.596087521,0.884588918
-4.5,-4.5,9.7,0.642116017,0.607217755,0.602798281,0.874931023
-4.5,-4.5,9.8,0.644699172,0.60959667,0.60022118,0.863599556
-4.5,-4.5,9.9,0.645926202,0.604218855,0.599434672,0.851525649
-4.5,-4.5,10,0.645249666,0.592770522,0.610221142,0.840238211
-4.5,-4.5,10.1,0.650275954,0.590640386,0.668561531,0.854681801
-4.5,-4.5,10.2,0.661937532,0.603824455,0.719167953,0.872592945
-4.5,-4.5,10.3,0.674007442,0.614381852,0.740606906,0.872156542
-4.5,-4.5,10.4,0.684438245,0.617134357,0.729703476,0.860130047
-4.5,-4.5,10.5,0.6951294,0.614484859,0.70334506,0.853186178
-4.5,-4.5,10.6,0.705612497,0.610418321,0.667420288,0.852375071
-4.5,-4.5,10.7,0.712850748,0.611737505,0.623588832,0.851801803
-4.5,-4.5,10.8,0.716093093,0.620265715,0.582483613,0.851074069
-4.5,-4.5,10.9,0.722604109,0.626774807,0.547397126,0.859585342
-4.5,-4.5,11,0.72979282,0.624115758,0.517700775,0.864515922
-5,-5,5,0.58328243,0.586971231,0.865296409,0.748540147
-5,-5,5.1,0.585211617,0.586347548,0.849374033,0.744247449
-5,-5,5.2,0.587751862,0.59571196,0.825247317,0.748237431
-5,-5,5.3,0.594734256,0.606851443,0.794479275,0.750332235
-5,-5,5.4,0.61181922,0.610999932,0.764333729,0.754749121
-5,-5,5.5,0.638462133,0.599178947,0.742241996,0.809170661
-5,-5,5.6,0.662661531,0.598749035,0.726254027,0.850094768
-5,-5,5.7,0.681688072,0.614359443,0.706746093,0.844090076
-5,-5,5.8,0.695685821,0.627465319,0.675633193,0.826704257
-5,-5,5.9,0.704329035,0.630795516,0.630187959,0.813994315
-5,-5,6,0.708579807,0.622425952,0.571348645,0.811033607
-5,-5,6.1,0.709056144,0.609244954,0.501889267,0.812144357
-5,-5,6.2,0.705169688,0.608053725,0.418204604,0.808632627
-5,-5,6.3,0.706387521,0.626233012,0.347433916,0.843218089
-5,-5,6.4,0.723685037,0.632735821,0.391941064,0.872284665
-5,-5,6.5,0.739244824,0.630301377,0.422032032,0.873530145
-5,-5,6.6,0.748023035,0.622766424,0.431229683,0.864196053
-5,-5,6.7,0.748493103,0.619085994,0.436387582,0.848661266
-5,-5,6.8,0.741293179,0.625085368,0.453235688,0.832176552
-5,-5,6.9,0.729551399,0.636664465,0.489782939,0.818537742
-5,-5,7,0.715854366,0.643411089,0.57976249,0.804807702
-5,-5,7.1,0.727349297,0.637043516,0.716315864,0.81640048
-5,-5,7.2,0.744414024,0.633534047,0.756784731,0.817992329
-5,-5,7.3,0.755408353,0.631983887,0.768491845,0.813454592
-5,-5,7.4,0.76275999,0.634725564,0.768834433,0.811140352
-5,-5,7.5,0.764579952,0.636116282,0.759576801,0.808808645
-5,-5,7.6,0.759269081,0.631049534,0.743522942,0.803369206
-5,-5,7.7,0.747680959,0.620151759,0.728567086,0.793503973
-5,-5,7.8,0.740299474,0.610001419,0.760418845,0.788825291
-5,-5,7.9,0.752565053,0.619081972,0.783468246,0.794340186
-5,-5,8,0.754538256,0.631941258,0.768488877,0.778547683
-5,-5,8.1,0.753390207,0.639483931,0.74607244,0.763346697
-5,-5,8.2,0.750518882,0.637335005,0.712862478,0.757964538
-5,-5,8.3,0.744015578,0.626352827,0.665025939,0.762041233
-5,-5,8.4,0.731714704,0.61438629,0.60305,0.770526221
-5,-5,8.5,0.713618456,0.612727263,0.534495754,0.777430687
-5,-5,8.6,0.706857379,0.616765714,0.474506473,0.807488661
-5,-5,8.7,0.704782572,0.614244166,0.439224217,0.82307069
-5,-5,8.8,0.698328869,0.607909047,0.426539966,0.811213289
-5,-5,8.9,0.690045085,0.599954705,0.416193867,0.790478223
-5,-5,9,0.680365249,0.598824132,0.397199507,0.77355564
-5,-5,9.1,0.668341739,0.604553935,0.373279693,0.766592029
-5,-5,9.2,0.652515222,0.610939242,0.360498299,0.768051646
-5,-5,9.3,0.635950896,0.609869193,0.40468919,0.776638963
-5,-5,9.4,0.632792143,0.60219206,0.495633691,0.816731089
-5,-5,9.5,0.634969735,0.597860349,0.564209313,0.837381877
-5,-5,9.6,0.638652622,0.601447081,0.596050938,0.839816414
-5,-5,9.7,0.642119795,0.60721845,0.602760408,0.832463387
-5,-5,9.8,0.644702842,0.609597431,0.600181059,0.820024301
-5,-5,9.9,0.645928989,0.604219483,0.599392861,0.805765222
-5,-5,10,0.645251105,0.592770552,0.610179118,0.791121537
-5,-5,10.1,0.650276119,0.590640567,0.668523918,0.794522269
-5,-5,10.2,0.661937462,0.603825196,0.719136513,0.813180891
-5,-5,10.3,0.674007176,0.614381784,0.740581591,0.8228871
-5,-5,10.4,0.684438134,0.617132883,0.729686111,0.822032606
-5,-5,10.5,0.695129632,0.614482635,0.703335219,0.820903114
-5,-5,10.6,0.705613034,0.610417256,0.667416735,0.820962875
-5,-5,10.7,0.712850366,0.611739175,0.623589736,0.818246795
-5,-5,10.8,0.716091073,0.620269197,0.582487659,0.810078798
-5,-5,10.9,0.722601933,0.626777016,0.547408221,0.810152848
-5,-5,11,0.729791868,0.62411432,0.517721089,0.810138941
-5.5,-5.5,5,0.583282486,0.586971284,0.865296688,0.690688451
-5.5,-5.5,5.1,0.58521171,0.586347614,0.849374267,0.69114493
-5.5,-5.5,5.2,0.58775198,0.595712025,0.825247484,0.69744268
-5.5,-5.5,5.3,0.594734357,0.606851497,0.794479379,0.698009837
-5.5,-5.5,5.4,0.611819269,0.611000019,0.764333763,0.691703531
-5.5,-5.5,5.5,0.638462206,0.599179072,0.742241926,0.738357626
-5.5,-5.5,5.6,0.662661688,0.598749075,0.726254143,0.794329778
-5.5,-5.5,5.7,0.681688325,0.614359375,0.706746521,0.801120372
-5.5,-5.5,5.8,0.695686209,0.627465122,0.675633878,0.791452752
-5.5,-5.5,5.9,0.704329575,0.630795284,0.630188814,0.783918895
-5.5,-5.5,6,0.708580493,0.622425841,0.571349579,0.784508915
-5.5,-5.5,6.1,0.709056976,0.609245147,0.501890194,0.786468991
-5.5,-5.5,6.2,0.705170627,0.608054108,0.418205439,0.77445466
-5.5,-5.5,6.3,0.706388225,0.626233248,0.347433836,0.798466123
-5.5,-5.5,6.4,0.723685533,0.63273579,0.391940702,0.838780965
-5.5,-5.5,6.5,0.739245263,0.630301267,0.422031586,0.847047848
-5.5,-5.5,6.6,0.748023646,0.622766497,0.431229352,0.840662552
-5.5,-5.5,6.7,0.748494194,0.619086207,0.436387637,0.826809344
-5.5,-5.5,6.8,0.741294807,0.625085284,0.453236255,0.811992442
-5.5,-5.5,6.9,0.729553226,0.636663978,0.489784086,0.799216696
-5.5,-5.5,7,0.715855798,0.643410406,0.579763627,0.777796235
-5.5,-5.5,7.1,0.727349835,0.63704387,0.716316519,0.7826651
-5.5,-5.5,7.2,0.744413753,0.633535131,0.756784482,0.79206728
-5.5,-5.5,7.3,0.755407336,0.631984919,0.768491205,0.790572311
-5.5,-5.5,7.4,0.762758946,0.634725704,0.768833987,0.787815122
-5.5,-5.5,7.5,0.764579787,0.636115877,0.759576656,0.783433269
-5.5,-5.5,7.6,0.759270157,0.631049034,0.743522956,0.775763278
-5.5,-5.5,7.7,0.747682789,0.620151961,0.728567108,0.763537503
-5.5,-5.5,7.8,0.740300378,0.610001735,0.76041566,0.74677151
-5.5,-5.5,7.9,0.752564865,0.619081273,0.783465891,0.749492437
-5.5,-5.5,8,0.754536854,0.631940369,0.768485505,0.738711394
-5.5,-5.5,8.1,0.753387824,0.639484121,0.746068321,0.72559564
-5.5,-5.5,8.2,0.75051623,0.637336265,0.712858556,0.719988736
-5.5,-5.5,8.3,0.744013355,0.626354611,0.665022951,0.722434075
-5.5,-5.5,8.4,0.731713238,0.614387228,0.603048001,0.728886351
-5.5,-5.5,8.5,0.713617755,0.612726772,0.534493416,0.732415369
-5.5,-5.5,8.6,0.706856517,0.616764788,0.474504234,0.748972798
-5.5,-5.5,8.7,0.704782216,0.614243585,0.439223735,0.766430466
-5.5,-5.5,8.8,0.698328507,0.607909208,0.426541281,0.758414529
-5.5,-5.5,8.9,0.690044219,0.599954783,0.416196816,0.739563174
-5.5,-5.5,9,0.680363544,0.598823879,0.397202714,0.723140115
-5.5,-5.5,9.1,0.668339183,0.604553681,0.373281585,0.715983254
-5.5,-5.5,9.2,0.652512117,0.610938887,0.360497168,0.717197012
-5.5,-5.5,9.3,0.635947665,0.609868692,0.404686346,0.720434034
-5.5,-5.5,9.4,0.632790012,0.602191415,0.49562996,0.753371111
-5.5,-5.5,9.5,0.634969056,0.597859862,0.564205703,0.77914233
-5.5,-5.5,9.6,0.638653194,0.60144718,0.596047156,0.787210064
-5.5,-5.5,9.7,0.642120789,0.607218647,0.602755426,0.782382528
-5.5,-5.5,9.8,0.644703383,0.609596953,0.600174148,0.770179788
-5.5,-5.5,9.9,0.645928398,0.604218258,0.599383178,0.755511225
-5.5,-5.5,10,0.645249477,0.592769368,0.610165818,0.740699935
-5.5,-5.5,10.1,0.650273566,0.5906392,0.668506916,0.736157524
-5.5,-5.5,10.2,0.661934591,0.603823799,0.719117958,0.752024797
-5.5,-5.5,10.3,0.674005183,0.61438151,0.740562526,0.768389937
-5.5,-5.5,10.4,0.684437382,0.617134106,0.729666352,0.776862701
-5.5,-5.5,10.5,0.695129679,0.614485197,0.703315871,0.781574606
-5.5,-5.5,10.6,0.705613235,0.610420139,0.667399277,0.783900027
-5.5,-5.5,10.7,0.712850255,0.611740789,0.623575695,0.78155788
-5.5,-5.5,10.8,0.716091032,0.620269359,0.582478273,0.77113283
-5.5,-5.5,10.9,0.722602412,0.626776871,0.547404157,0.764722219
-5.5,-5.5,11,0.729793351,0.624115518,0.517722029,0.758858301
-6,-6,5,0.583282472,0.586971348,0.865296451,0.641481531
-6,-6,5.1,0.585211669,0.586347612,0.849374058,0.647697849
-6,-6,5.2,0.587751897,0.59571201,0.825247293,0.65791531
-6,-6,5.3,0.59473423,0.606851507,0.794479142,0.659660246
-6,-6,5.4,0.611819081,0.611000057,0.764333338,0.646221153
-6,-6,5.5,0.638461988,0.599179152,0.742241414,0.682453727
-6,-6,5.6,0.662661543,0.598749026,0.726253717,0.748370136
-6,-6,5.7,0.68168826,0.614359317,0.706746066,0.766224248
-6,-6,5.8,0.695686184,0.627465186,0.67563328,0.763875292
-6,-6,5.9,0.704329497,0.630795506,0.630187997,0.761484048
-6,-6,6,0.708580236,0.622426157,0.57134854,0.765917263
-6,-6,6.1,0.709056415,0.609245327,0.501889019,0.769957167
-6,-6,6.2,0.705169671,0.608053958,0.418204481,0.752918383
-6,-6,6.3,0.706386982,0.626233033,0.347434559,0.764958385
-6,-6,6.4,0.723684303,0.632735749,0.391940838,0.811194755
-6,-6,6.5,0.739244234,0.630301511,0.42203197,0.824772806
-6,-6,6.6,0.74802283,0.622766603,0.431230197,0.820885239
-6,-6,6.7,0.748493304,0.619085964,0.436388553,0.808583513
-6,-6,6.8,0.74129337,0.625084908,0.453236538,0.795445831
-6,-6,6.9,0.729550909,0.636663765,0.489782987,0.784150538
-6,-6,7,0.715852626,0.64341066,0.579760885,0.757832831
-6,-6,7.1,0.727346271,0.637043832,0.716314436,0.754371089
-6,-6,7.2,0.744410662,0.633534481,0.756782943,0.767902583
-6,-6,7.3,0.755405145,0.631983734,0.768490116,0.768339955
-6,-6,7.4,0.762757636,0.634724855,0.768832728,0.765124944
-6,-6,7.5,0.764578563,0.63611567,0.759574254,0.759192866
-6,-6,7.6,0.759267753,0.631049098,0.743518781,0.750136347
-6,-6,7.7,0.747678347,0.620151475,0.728561201,0.737288783
-6,-6,7.8,0.740295027,0.610000693,0.760410087,0.712297863
-6,-6,7.9,0.752559925,0.619080978,0.783462535,0.709837014
-6,-6,8,0.754533389,0.631940947,0.768484392,0.70175351
-6,-6,8.1,0.753386145,0.639484358,0.746069031,0.689787366
-6,-6,8.2,0.750515898,0.637335643,0.712860147,0.683588901
-6,-6,8.3,0.744013339,0.626353043,0.665024316,0.684278512
-6,-6,8.4,0.731712304,0.614385677,0.603048352,0.688841352
-6,-6,8.5,0.713615319,0.612726335,0.534492096,0.690919215
-6,-6,8.6,0.706854196,0.616765376,0.474501984,0.696166571
-6,-6,8.7,0.704780261,0.614244068,0.439223457,0.712065086
-6,-6,8.8,0.698327591,0.607909172,0.426541644,0.706015637
-6,-6,8.9,0.690044562,0.599954814,0.416196111,0.688285287
-6,-6,9,0.680365081,0.598824392,0.397200983,0.672055988
-6,-6,9.1,0.668341595,0.604554325,0.373280311,0.66449491
-6,-6,9.2,0.652514862,0.610939656,0.360499022,0.665494553
-6,-6,9.3,0.635950078,0.609869704,0.404691344,0.66651112
-6,-6,9.4,0.632791659,0.602192348,0.495632501,0.69137053
-6,-6,9.5,0.634969937,0.597860304,0.564203959,0.719387852
-6,-6,9.6,0.638653385,0.601447196,0.596043171,0.731728313
-6,-6,9.7,0.642120414,0.607218759,0.602752651,0.72956505
-6,-6,9.8,0.644702456,0.609597533,0.600175709,0.718546611
-6,-6,9.9,0.645927052,0.604219363,0.59939036,0.704559161
-6,-6,10,0.645248076,0.592770829,0.610178688,0.691120933
-6,-6,10.1,0.650272782,0.590640187,0.66852597,0.682206455
-6,-6,10.2,0.661934794,0.603823976,0.719139779,0.693686931
-6,-6,10.3,0.674006731,0.614381391,0.740586601,0.713962248
-6,-6,10.4,0.684439424,0.617134551,0.729691463,0.730095954
-6,-6,10.5,0.695131008,0.614486507,0.703340892,0.740484234
-6,-6,10.6,0.705613446,0.61042164,0.667422601,0.745925751
-6,-6,10.7,0.712849688,0.611740887,0.623594343,0.745386047
-6,-6,10.8,0.71609046,0.620268078,0.582488452,0.735981708
-6,-6,10.9,0.722601042,0.626775898,0.547407177,0.725927271
-6,-6,11,0.729789461,0.624116678,0.517719602,0.71502055
-6.5,-6.5,5,0.583282276,0.586971232,0.865296265,0.600504825
-6.5,-6.5,5.1,0.585211473,0.586347522,0.849373798,0.612955626
-6.5,-6.5,5.2,0.587751716,0.595711955,0.825246961,0.62796486
-6.5,-6.5,5.3,0.594734074,0.606851464,0.794478732,0.632576764
-6.5,-6.5,5.4,0.611818952,0.611000017,0.764332932,0.615043257
-6.5,-6.5,5.5,0.638461826,0.599179055,0.7422415,0.639953827
-6.5,-6.5,5.6,0.662661325,0.598749007,0.726254345,0.711572913
-6.5,-6.5,5.7,0.681687987,0.614359435,0.706746949,0.738514976
-6.5,-6.5,5.8,0.695685745,0.627465361,0.675634311,0.742649414
-6.5,-6.5,5.9,0.704328826,0.630795547,0.630189098,0.744997573
-6.5,-6.5,6,0.708579415,0.622425872,0.571349644,0.753198802
-6.5,-6.5,6.1,0.709055663,0.609244767,0.501890025,0.759945127
-6.5,-6.5,6.2,0.705169259,0.608053633,0.418204918,0.740467823
-6.5,-6.5,6.3,0.706386993,0.62623317,0.347432972,0.741317227
-6.5,-6.5,6.4,0.723684704,0.632736071,0.391941735,0.789996697
-6.5,-6.5,6.5,0.739244684,0.630301475,0.422032074,0.807550623
-6.5,-6.5,6.6,0.748022933,0.622766353,0.4312287,0.805796932
-6.5,-6.5,6.7,0.748492922,0.619085865,0.436385829,0.794932598
-6.5,-6.5,6.8,0.741292928,0.62508526,0.453233753,0.783409197
-6.5,-6.5,6.9,0.729551166,0.636664345,0.489781222,0.773883644
-6.5,-6.5,7,0.715853972,0.643410965,0.579760987,0.744645496
-6.5,-6.5,7.1,0.727348248,0.637043562,0.716313781,0.732507444
-6.5,-6.5,7.2,0.74441274,0.633534158,0.756781257,0.747469898
-6.5,-6.5,7.3,0.755406774,0.631983974,0.768487657,0.748634556
-6.5,-6.5,7.4,0.76275829,0.634725352,0.768830174,0.744437437
-6.5,-6.5,7.5,0.764578337,0.636115838,0.759572847,0.73672474
-6.5,-6.5,7.6,0.759267521,0.631049115,0.743519627,0.726209618
-6.5,-6.5,7.7,0.747679183,0.620151546,0.728565174,0.713167706
-6.5,-6.5,7.8,0.740296882,0.610001397,0.7604199,0.682460384
-6.5,-6.5,7.9,0.752561519,0.619081868,0.783470916,0.673642378
-6.5,-6.5,8,0.754534282,0.631940949,0.76849142,0.666379212
-6.5,-6.5,8.1,0.75338608,0.639483496,0.746075512,0.654612151
-6.5,-6.5,8.2,0.750514887,0.637334512,0.712866707,0.647384571
-6.5,-6.5,8.3,0.744011748,0.626352209,0.665031219,0.646162447
-6.5,-6.5,8.4,0.731710718,0.614385481,0.603055227,0.648860043
-6.5,-6.5,8.5,0.713614114,0.612726518,0.534499284,0.650519973
-6.5,-6.5,8.6,0.706852568,0.616764929,0.474511159,0.647300734
-6.5,-6.5,8.7,0.704777942,0.614243317,0.439230319,0.660084755
-6.5,-6.5,8.8,0.698324707,0.607908155,0.42654767,0.654939738
-6.5,-6.5,8.9,0.690041156,0.599953894,0.416201863,0.637999862
-6.5,-6.5,9,0.6803612,0.59882378,0.397205839,0.621964885
-6.5,-6.5,9.1,0.66833731,0.604553927,0.373283255,0.614044533
-6.5,-6.5,9.2,0.652510529,0.610939209,0.360498707,0.61483249
-6.5,-6.5,9.3,0.635946552,0.609868903,0.404687016,0.615735666
-6.5,-6.5,9.4,0.632788891,0.602191495,0.49562851,0.633341184
-6.5,-6.5,9.5,0.634967245,0.597860167,0.56420423,0.661921378
-6.5,-6.5,9.6,0.638650116,0.601447206,0.596048147,0.677611999
-6.5,-6.5,9.7,0.642116813,0.60721848,0.602761036,0.678221616
-6.5,-6.5,9.8,0.644699551,0.609597257,0.600185176,0.669097742
-6.5,-6.5,9.9,0.645925815,0.60421938,0.599398516,0.656593918
-6.5,-6.5,10,0.645248526,0.592771018,0.610184212,0.645299335
-6.5,-6.5,10.1,0.65027366,0.590640666,0.668527132,0.635190149
-6.5,-6.5,10.2,0.66193506,0.603824302,0.719140651,0.642143211
-6.5,-6.5,10.3,0.674005331,0.614381428,0.740591393,0.664368854
-6.5,-6.5,10.4,0.68443686,0.617134124,0.729698882,0.686818088
-6.5,-6.5,10.5,0.695128398,0.614485024,0.703348218,0.702740934
-6.5,-6.5,10.6,0.705611416,0.610419568,0.667427965,0.711907322
-6.5,-6.5,10.7,0.712848561,0.611740667,0.623598123,0.71399752
-6.5,-6.5,10.8,0.716089677,0.620270095,0.582496536,0.707272125
-6.5,-6.5,10.9,0.722601199,0.626777703,0.547419575,0.695830853
-6.5,-6.5,11,0.72979122,0.624115482,0.517738898,0.680743728
-7,-7,5,0.583282367,0.586971215,0.865296504,0.567148271
-7,-7,5.1,0.585211546,0.586347504,0.849374046,0.58586729
-7,-7,5.2,0.587751786,0.595711914,0.825247182,0.605976589
-7,-7,5.3,0.594734153,0.606851388,0.794478887,0.614373217
-7,-7,5.4,0.611819017,0.610999964,0.7643329,0.595048049
-7,-7,5.5,0.638461871,0.59917908,0.742241077,0.608854233
-7,-7,5.6,0.662661388,0.598749008,0.726253909,0.682757252
-7,-7,5.7,0.681688058,0.614359506,0.706746642,0.716817479
-7,-7,5.8,0.695685935,0.627465384,0.675633972,0.726361178
-7,-7,5.9,0.704329305,0.630795453,0.630188603,0.732745997
-7,-7,6,0.708580306,0.622425794,0.571349003,0.744271986
-7,-7,6.1,0.709056983,0.609244995,0.501889492,0.753755358
-7,-7,6.2,0.705170874,0.608053956,0.418205193,0.733337338
-7,-7,6.3,0.706388426,0.62623329,0.347434298,0.7242707
-7,-7,6.4,0.72368579,0.632735892,0.39194035,0.773060269
-7,-7,6.5,0.739245579,0.630301355,0.422030882,0.79339634
-7,-7,6.6,0.748023909,0.622766671,0.431228786,0.793354497
-7,-7,6.7,0.748494414,0.619086439,0.436387902,0.783792474
-7,-7,6.8,0.741295077,0.625085476,0.453237406,0.773849565
-7,-7,6.9,0.729553576,0.636664129,0.489785087,0.766315222
-7,-7,7,0.715855708,0.643410782,0.579761838,0.735782663
-7,-7,7.1,0.727348873,0.637043719,0.716315079,0.715820462
-7,-7,7.2,0.744412854,0.633534548,0.756783192,0.730801071
-7,-7,7.3,0.755406611,0.631984139,0.768489414,0.732138217
-7,-7,7.4,0.76275839,0.634725224,0.768831681,0.72687035
-7,-7,7.5,0.76457906,0.636115907,0.759573668,0.717439352
-7,-7,7.6,0.759268584,0.631049341,0.7435189,0.705512655
-7,-7,7.7,0.747679602,0.620151854,0.728561401,0.692469414
-7,-7,7.8,0.740294972,0.610000768,0.760409083,0.657954818
-7,-7,7.9,0.752559199,0.619080481,0.783462323,0.642446354
-7,-7,8,0.75453229,0.63193995,0.768482601,0.634629809
-7,-7,8.1,0.753384595,0.639483188,0.746065261,0.62219145
-7,-7,8.2,0.750514081,0.637334866,0.712855058,0.613361567
-7,-7,8.3,0.744011405,0.626352662,0.665018789,0.609799304
-7,-7,8.4,0.731710115,0.614385284,0.603043172,0.610238369
-7,-7,8.5,0.713612201,0.612725475,0.534488275,0.611529249
-7,-7,8.6,0.706848668,0.616764361,0.474500349,0.601931301
-7,-7,8.7,0.704773886,0.614243117,0.439221291,0.610677214
-7,-7,8.8,0.698320979,0.607908277,0.426539557,0.605513261
-7,-7,8.9,0.690038119,0.599953774,0.416194804,0.588932565
-7,-7,9,0.68035908,0.5988232,0.397199972,0.572931029
-7,-7,9.1,0.668336073,0.604553274,0.373278997,0.56456764
-7,-7,9.2,0.652509731,0.610938998,0.360498503,0.564977437
-7,-7,9.3,0.635944986,0.609869204,0.404693443,0.566867963
-7,-7,9.4,0.632786839,0.60219142,0.495637767,0.578658833
-7,-7,9.5,0.634965818,0.597858771,0.564212741,0.606955782
-7,-7,9.6,0.638649816,0.601445597,0.59605488,0.625543339
-7,-7,9.7,0.642117308,0.607217602,0.602765482,0.629204648
-7,-7,9.8,0.644700549,0.609597559,0.600187826,0.622655491
-7,-7,9.9,0.645927291,0.604220774,0.599400786,0.612317616
-7,-7,10,0.64525054,0.592772981,0.610186424,0.603521217
-7,-7,10.1,0.650275823,0.590642065,0.668527362,0.594548895
-7,-7,10.2,0.661937895,0.603826273,0.719140776,0.597596973
-7,-7,10.3,0.674008228,0.61438335,0.740589617,0.620386819
-7,-7,10.4,0.6844394,0.617134972,0.72969408,0.6478864
-7,-7,10.5,0.695130752,0.614485297,0.703340267,0.668888953
-7,-7,10.6,0.70561471,0.610419807,0.66741748,0.681869696
-7,-7,10.7,0.712853585,0.611740032,0.623585736,0.686846784
-7,-7,10.8,0.716096108,0.620269533,0.582478741,0.683388129
-7,-7,10.9,0.722608359,0.626779515,0.547400094,0.672254765
-7,-7,11,0.729798293,0.624120097,0.517715537,0.654293713
-7.5,-7.5,5,0.583282329,0.586971178,0.865296291,0.540974926
-7.5,-7.5,5.1,0.585211529,0.586347533,0.849373834,0.565655381
-7.5,-7.5,5.2,0.587751799,0.595711968,0.825246954,0.590762624
-7.5,-7.5,5.3,0.594734205,0.606851459,0.79447857,0.603314878
-7.5,-7.5,5.4,0.611819139,0.610999987,0.764332428,0.583873141
-7.5,-7.5,5.5,0.63846203,0.599179019,0.74224058,0.587594615
-7.5,-7.5,5.6,0.662661471,0.598749125,0.726253084,0.661237141
-7.5,-7.5,5.7,0.681688083,0.614359461,0.706745496,0.700704387
-7.5,-7.5,5.8,0.695685989,0.627465109,0.675632727,0.714666561
-7.5,-7.5,5.9,0.704329446,0.630795159,0.63018746,0.724401448
-7.5,-7.5,6,0.708580473,0.622425753,0.571348015,0.738758344
-7.5,-7.5,6.1,0.709056975,0.609245226,0.501888419,0.750812716
-7.5,-7.5,6.2,0.70517044,0.608054286,0.418203562,0.730357603
-7.5,-7.5,6.3,0.70638779,0.626233373,0.347434829,0.712543838
-7.5,-7.5,6.4,0.723684847,0.632735751,0.391941956,0.759775425
-7.5,-7.5,6.5,0.739244379,0.630301349,0.422033068,0.781752794
-7.5,-7.5,6.6,0.748022752,0.622766567,0.431231947,0.782779119
-7.5,-7.5,6.7,0.748493237,0.619086024,0.436391346,0.774056548
-7.5,-7.5,6.8,0.741293449,0.625084988,0.453240177,0.765287921
-7.5,-7.5,6.9,0.72955117,0.636663966,0.489787152,0.759491844
-7.5,-7.5,7,0.71585309,0.643410941,0.579765016,0.728470479
-7.5,-7.5,7.1,0.727346564,0.637043944,0.716318712,0.701481642
-7.5,-7.5,7.2,0.744411054,0.633534428,0.756787814,0.715466478
-7.5,-7.5,7.3,0.755405634,0.631983751,0.7684945,0.716461639
-7.5,-7.5,7.4,0.762757981,0.634724984,0.768836329,0.710000575
-7.5,-7.5,7.5,0.764578573,0.636115657,0.759577703,0.698916136
-7.5,-7.5,7.6,0.759267733,0.631048999,0.743523069,0.685676053
-7.5,-7.5,7.7,0.747679109,0.620151466,0.728566584,0.672750692
-7.5,-7.5,7.8,0.740296627,0.610001287,0.760414954,0.635945465
-7.5,-7.5,7.9,0.752561939,0.619081652,0.783466299,0.614315224
-7.5,-7.5,8,0.754535313,0.631940622,0.768487239,0.605354609
-7.5,-7.5,8.1,0.753387028,0.639483166,0.746070284,0.591940742
-7.5,-7.5,8.2,0.750515175,0.637334295,0.712859605,0.58142624
-7.5,-7.5,8.3,0.744011318,0.626352562,0.665022356,0.57554048
-7.5,-7.5,8.4,0.731710167,0.614386314,0.603045223,0.573699744
-7.5,-7.5,8.5,0.713613992,0.612726664,0.53448731,0.574663782
-7.5,-7.5,8.6,0.706852683,0.616764319,0.474494952,0.560578379
-7.5,-7.5,8.7,0.704778171,0.614242486,0.439213532,0.565128151
-7.5,-7.5,8.8,0.698324111,0.607907948,0.426530322,0.559440023
-7.5,-7.5,8.9,0.69003932,0.599953952,0.416185035,0.542980024
-7.5,-7.5,9,0.680358522,0.598823179,0.397190734,0.526953106
-7.5,-7.5,9.1,0.668334758,0.604553472,0.37327146,0.51814
-7.5,-7.5,9.2,0.652509035,0.610939213,0.360495979,0.518035245
-7.5,-7.5,9.3,0.635946035,0.609869826,0.40470464,0.521406244
-7.5,-7.5,9.4,0.632788781,0.602193046,0.495656455,0.528858746
-7.5,-7.5,9.5,0.63496746,0.597860787,0.564232492,0.556433759
-7.5,-7.5,9.6,0.63865068,0.601446678,0.596073551,0.577614441
-7.5,-7.5,9.7,0.642117826,0.607217272,0.602782407,0.584564335
-7.5,-7.5,9.8,0.644700903,0.609595959,0.600203061,0.581164329
-7.5,-7.5,9.9,0.645927328,0.604218519,0.599414887,0.573605598
-7.5,-7.5,10,0.645250098,0.592770887,0.610200459,0.567535652
-7.5,-7.5,10.1,0.65027531,0.590641785,0.668543194,0.561319222
-7.5,-7.5,10.2,0.661936767,0.60382662,0.719157082,0.561490041
-7.5,-7.5,10.3,0.674006793,0.614384198,0.740604768,0.58387107
-7.5,-7.5,10.4,0.684437621,0.617135863,0.72970787,0.615314081
-7.5,-7.5,10.5,0.695128252,0.614485376,0.703353843,0.64092184
-7.5,-7.5,10.6,0.705610985,0.610418815,0.667432751,0.657660989
-7.5,-7.5,10.7,0.712848587,0.611739133,0.623603084,0.665555695
-7.5,-7.5,10.8,0.71609049,0.620268132,0.582497078,0.665347439
-7.5,-7.5,10.9,0.722602255,0.626775682,0.547418844,0.655488136
-7.5,-7.5,11,0.729791299,0.624114533,0.517734879,0.635439609
-8,-8,5,0.5832823,0.586971259,0.865296217,0.521127306
-8,-8,5.1,0.585211505,0.586347611,0.849373923,0.551225848
-8,-8,5.2,0.58775177,0.595712039,0.825247255,0.580940427
-8,-8,5.3,0.594734159,0.606851524,0.794479228,0.597591314
-8,-8,5.4,0.611819089,0.610999987,0.764333632,0.579092351
-8,-8,5.5,0.638461965,0.599178956,0.742242524,0.574178585
-8,-8,5.6,0.662661382,0.598749035,0.726255385,0.645849759
-8,-8,5.7,0.681688035,0.614359257,0.706747617,0.689287273
-8,-8,5.8,0.695685888,0.627465034,0.675634657,0.706832777
-8,-8,5.9,0.704329118,0.630795333,0.630189351,0.719373724
-8,-8,6,0.708579816,0.622426017,0.571349984,0.736183863
-8,-8,6.1,0.709056,0.609245158,0.501890268,0.750670522
-8,-8,6.2,0.705169252,0.608053874,0.418204469,0.730902888
-8,-8,6.3,0.706386996,0.626232981,0.347433164,0.705737627
-8,-8,6.4,0.723684596,0.632735817,0.391940971,0.750510942
-8,-8,6.5,0.73924442,0.630301501,0.422031431,0.77338445
-8,-8,6.6,0.748022713,0.622766467,0.431228629,0.775072781
-8,-8,6.7,0.748492791,0.619085887,0.43638609,0.766885903
-8,-8,6.8,0.741292762,0.625085202,0.453234018,0.75897949
-8,-8,6.9,0.72955078,0.636664313,0.48978177,0.754661377
-8,-8,7,0.715853469,0.643410779,0.579763813,0.723652435
-8,-8,7.1,0.72734833,0.637043238,0.716315231,0.690299507
-8,-8,7.2,0.744412768,0.633533911,0.75678199,0.70249477
-8,-8,7.3,0.75540681,0.631983856,0.768488449,0.702595521
-8,-8,7.4,0.762758194,0.634725361,0.768831064,0.694626888
-8,-8,7.5,0.764578054,0.636115687,0.759574146,0.681684332
-8,-8,7.6,0.759267205,0.631048663,0.743521463,0.666922357
-8,-8,7.7,0.747678874,0.620150903,0.728567194,0.653843635
-8,-8,7.8,0.740297588,0.610001079,0.760422358,0.615451445
-8,-8,7.9,0.752562528,0.619081367,0.783472717,0.588095358
-8,-8,8,0.754535479,0.631939852,0.76849346,0.577420083
-8,-8,8.1,0.75338716,0.639482554,0.746076941,0.562621607
-8,-8,8.2,0.750515636,0.637334161,0.712867296,0.550199724
-8,-8,8.3,0.74401213,0.626352787,0.665030985,0.541889799
-8,-8,8.4,0.731710711,0.614386463,0.603054427,0.537672868
-8,-8,8.5,0.713613803,0.612726714,0.534498113,0.538119512
-8,-8,8.6,0.706853824,0.616764232,0.474511167,0.520872244
-8,-8,8.7,0.704779285,0.614242859,0.439231495,0.521417445
-8,-8,8.8,0.698326352,0.607908538,0.426546522,0.514974311
-8,-8,8.9,0.690042943,0.599954578,0.416197906,0.498585337
-8,-8,9,0.680363018,0.598823779,0.397201157,0.482635674
-8,-8,9.1,0.668339168,0.604553751,0.373280696,0.473543208
-8,-8,9.2,0.652512531,0.610939457,0.360501935,0.472988636
-8,-8,9.3,0.635949225,0.60986971,0.404696188,0.478107001
-8,-8,9.4,0.632792054,0.602192917,0.495634396,0.48273477
-8,-8,9.5,0.634970472,0.59786161,0.564206486,0.509600274
-8,-8,9.6,0.638653142,0.601448153,0.596046088,0.533355697
-8,-8,9.7,0.642119659,0.607218879,0.60275552,0.543916315
-8,-8,9.8,0.644702519,0.609597102,0.600177892,0.54417683
-8,-8,9.9,0.645929071,0.604218794,0.599392283,0.539888984
-8,-8,10,0.645252029,0.592770365,0.610183611,0.536642362
-8,-8,10.1,0.650277864,0.590640847,0.668532992,0.5340226
-8,-8,10.2,0.661939407,0.603826161,0.719149986,0.532383758
-8,-8,10.3,0.67400972,0.614383727,0.740600238,0.553732561
-8,-8,10.4,0.684440731,0.617135674,0.729704905,0.588027429
-8,-8,10.5,0.695131129,0.614485934,0.703351183,0.617513195
-8,-8,10.6,0.70561329,0.610420241,0.667429983,0.637603878
-8,-8,10.7,0.712850255,0.611739771,0.623601926,0.648146855
-8,-8,10.8,0.716092523,0.620267153,0.582503365,0.650834143
-8,-8,10.9,0.722604313,0.626774788,0.547428741,0.642776725
-8,-8,11,0.729792826,0.624115344,0.517747046,0.621439812
-8.5,-8.5,5,0.583282253,0.586971306,0.865296409,0.506247262
-8.5,-8.5,5.1,0.585211466,0.586347629,0.849374087,0.541124514
-8.5,-8.5,5.2,0.58775173,0.595712055,0.825247401,0.574938195
-8.5,-8.5,5.3,0.594734141,0.606851557,0.794479382,0.595400404
-8.5,-8.5,5.4,0.611819148,0.611000081,0.764333829,0.578395622
-8.5,-8.5,5.5,0.638462117,0.599179017,0.742242377,0.56623667
-8.5,-8.5,5.6,0.662661557,0.59874893,0.726255076,0.634852153
-8.5,-8.5,5.7,0.681688203,0.614359277,0.706747502,0.68103591
-8.5,-8.5,5.8,0.695686031,0.627465223,0.675634763,0.701381623
-8.5,-8.5,5.9,0.704329249,0.630795556,0.630189619,0.716190848
-8.5,-8.5,6,0.708580012,0.622426106,0.571350372,0.73504226
-8.5,-8.5,6.1,0.709056419,0.609245146,0.50189094,0.751686875
-8.5,-8.5,6.2,0.705170136,0.60805395,0.4182057,0.732974463
-8.5,-8.5,6.3,0.706388042,0.626233212,0.347433053,0.701779729
-8.5,-8.5,6.4,0.72368547,0.632735957,0.391939692,0.743670664
-8.5,-8.5,6.5,0.739245183,0.63030146,0.422029691,0.766919874
-8.5,-8.5,6.6,0.748023328,0.62276647,0.431226217,0.769025313
-8.5,-8.5,6.7,0.748493407,0.619086039,0.436383543,0.761252439
-8.5,-8.5,6.8,0.741293613,0.625085311,0.45323208,0.754097689
-8.5,-8.5,6.9,0.729551953,0.636664268,0.489780393,0.751149043
-8.5,-8.5,7,0.715854699,0.643410866,0.57976156,0.720630735
-8.5,-8.5,7.1,0.727348647,0.637043638,0.716314809,0.681936317
-8.5,-8.5,7.2,0.744412331,0.633534336,0.756783306,0.692114631
-8.5,-8.5,7.3,0.755405651,0.631983971,0.768490754,0.691171239
-8.5,-8.5,7.4,0.762756705,0.634724984,0.768833776,0.681709709
-8.5,-8.5,7.5,0.764576785,0.63611527,0.759576515,0.666984025
-8.5,-8.5,7.6,0.759266423,0.631048419,0.743522931,0.65072706
-8.5,-8.5,7.7,0.747678236,0.62015107,0.728567386,0.637383617
-8.5,-8.5,7.8,0.740295742,0.610000783,0.760419421,0.597957104
-8.5,-8.5,7.9,0.752559975,0.61908027,0.783471133,0.56543913
-8.5,-8.5,8,0.754532137,0.631939111,0.768491409,0.552752187
-8.5,-8.5,8.1,0.753383117,0.639482481,0.746073907,0.536312646
-8.5,-8.5,8.2,0.750511477,0.637334618,0.712863652,0.521826734
-8.5,-8.5,8.3,0.744008543,0.626353258,0.665027478,0.510998181
-8.5,-8.5,8.4,0.731708067,0.614386162,0.603051676,0.50428411
-8.5,-8.5,8.5,0.713611573,0.612725752,0.534496303,0.503931606
-8.5,-8.5,8.6,0.706850415,0.616763599,0.474508379,0.48435548
-8.5,-8.5,8.7,0.704775961,0.614242261,0.439228158,0.48108227
-8.5,-8.5,8.8,0.698322985,0.607908132,0.426543286,0.473661995
-8.5,-8.5,8.9,0.690039802,0.599953916,0.416195743,0.457222024
-8.5,-8.5,9,0.68036042,0.598823011,0.397200168,0.441346837
-8.5,-8.5,9.1,0.6683372,0.604553685,0.373280817,0.432050883
-8.5,-8.5,9.2,0.652511006,0.610940029,0.360504141,0.431059466
-8.5,-8.5,9.3,0.635946865,0.609870632,0.404699833,0.437947295
-8.5,-8.5,9.4,0.632788648,0.602193339,0.495639132,0.440999872
-8.5,-8.5,9.5,0.634967434,0.597860782,0.564210184,0.467274009
-8.5,-8.5,9.6,0.638651236,0.601446901,0.596049488,0.493691778
-8.5,-8.5,9.7,0.642118959,0.607218264,0.602759523,0.508228232
-8.5,-8.5,9.8,0.644702943,0.609597699,0.600183332,0.512649548
-8.5,-8.5,9.9,0.645930629,0.604220456,0.599399304,0.512098738
-8.5,-8.5,10,0.645254449,0.592772463,0.610189416,0.511788125
-8.5,-8.5,10.1,0.650280199,0.590642116,0.66853626,0.513166321
-8.5,-8.5,10.2,0.661942272,0.603826367,0.719150789,0.510707703
-8.5,-8.5,10.3,0.674011811,0.614382756,0.740595608,0.530637412
-8.5,-8.5,10.4,0.684441871,0.617134446,0.729696454,0.566870339
-8.5,-8.5,10.5,0.69513252,0.614485601,0.703341954,0.599629544
-8.5,-8.5,10.6,0.705616415,0.610420897,0.667420217,0.62275663
-8.5,-8.5,10.7,0.712855639,0.611740576,0.623589635,0.635751979
-8.5,-8.5,10.8,0.716098271,0.620268533,0.582484093,0.640969506
-8.5,-8.5,10.9,0.722609162,0.626777379,0.547406495,0.63496994
-8.5,-8.5,11,0.729794845,0.624117251,0.517724607,0.612789892
-9,-9,5,0.583282214,0.586971169,0.865296266,0.495286626
-9,-9,5.1,0.585211418,0.586347503,0.84937389,0.534314644
-9,-9,5.2,0.587751686,0.595711959,0.825247109,0.571738926
-9,-9,5.3,0.594734095,0.606851478,0.794478927,0.595704192
-9,-9,5.4,0.611819057,0.611000038,0.764333148,0.580514592
-9,-9,5.5,0.638461992,0.599179066,0.742241572,0.562295929
-9,-9,5.6,0.662661411,0.598749048,0.726254235,0.627209106
-9,-9,5.7,0.681687997,0.614359361,0.706746623,0.675186879
-9,-9,5.8,0.695685825,0.627465088,0.675633794,0.697670216
-9,-9,5.9,0.704329135,0.630795203,0.630188494,0.714253549
-9,-9,6,0.708580009,0.622425745,0.571349103,0.734734705
-9,-9,6.1,0.709056459,0.609245082,0.501889666,0.753204047
-9,-9,6.2,0.70517004,0.608054024,0.418204657,0.735642633
-9,-9,6.3,0.706387503,0.626233198,0.347434034,0.699337365
-9,-9,6.4,0.723684636,0.632735762,0.391941784,0.738036743
-9,-9,6.5,0.739244152,0.630301242,0.422032727,0.761153037
-9,-9,6.6,0.748022282,0.622766237,0.431230757,0.763333344
-9,-9,6.7,0.748492418,0.619085652,0.436389215,0.755714271
-9,-9,6.8,0.741292498,0.625084781,0.453237414,0.749054282
-9,-9,6.9,0.729550469,0.636663877,0.489783827,0.747193198
-9,-9,7,0.715852748,0.643410838,0.579761315,0.717287685
-9,-9,7.1,0.727346494,0.637043758,0.716313978,0.674045239
-9,-9,7.2,0.744410644,0.633534242,0.756782034,0.682052903
-9,-9,7.3,0.755404664,0.631983539,0.768488731,0.67991013
-9,-9,7.4,0.762756428,0.634724661,0.768831179,0.668943397
-9,-9,7.5,0.764576733,0.636115278,0.759573297,0.652504753
-9,-9,7.6,0.759265944,0.631048643,0.743518983,0.634814215
-9,-9,7.7,0.74767728,0.620151076,0.728562499,0.62112101
-9,-9,7.8,0.740294851,0.610000611,0.760413078,0.581011874
-9,-9,7.9,0.752559492,0.619081052,0.783464653,0.544076028
-9,-9,8,0.754532429,0.631940605,0.768485706,0.529357514
-9,-9,8.1,0.753384451,0.639483554,0.746068895,0.511244592
-9,-9,8.2,0.750513507,0.637334571,0.712858761,0.494740264
-9,-9,8.3,0.744010571,0.626352005,0.665022251,0.481492746
-9,-9,8.4,0.731709566,0.614384974,0.603046105,0.472357665
-9,-9,8.5,0.713612778,0.612725931,0.53449102,0.47105303
-9,-9,8.6,0.706851186,0.616764593,0.47450242,0.449799893
-9,-9,8.7,0.704776703,0.614243173,0.439223115,0.443115219
-9,-9,8.8,0.698323736,0.607907987,0.426541262,0.434685696
-9,-9,8.9,0.690040553,0.599953488,0.416195435,0.418208874
-9,-9,9,0.680361032,0.598823213,0.397199569,0.40252453
-9,-9,9.1,0.668337598,0.604553279,0.373278112,0.393224412
-9,-9,9.2,0.65251126,0.610938869,0.360497764,0.391956525
-9,-9,9.3,0.63594741,0.609868996,0.404695113,0.400611499
-9,-9,9.4,0.63278956,0.602191891,0.495644888,0.403233893
-9,-9,9.5,0.634967928,0.597860235,0.564223429,0.429192988
-9,-9,9.6,0.638650648,0.601447171,0.596065962,0.458373718
-9,-9,9.7,0.64211725,0.607218393,0.602775108,0.477084737
-9,-9,9.8,0.644700132,0.609596935,0.600195708,0.485877081
-9,-9,9.9,0.645926755,0.604218762,0.599407251,0.489205497
-9,-9,10,0.645249709,0.592770311,0.610190615,0.491723167
-9,-9,10.1,0.650274605,0.590640173,0.668529719,0.496945549
-9,-9,10.2,0.661936082,0.603824562,0.719143695,0.494374
-9,-9,10.3,0.67400607,0.614381781,0.740592922,0.51271298
-9,-9,10.4,0.684436625,0.6171336,0.729698895,0.550020133
-9,-9,10.5,0.69512713,0.614483952,0.703347081,0.585270667
-9,-9,10.6,0.705609743,0.610418339,0.667425807,0.61085587
-9,-9,10.7,0.712846491,0.611739043,0.623594861,0.62586925
-9,-9,10.8,0.716086483,0.620268298,0.582489694,0.6330935
-9,-9,10.9,0.722595459,0.626776325,0.54740962,0.629133914
-9,-9,11,0.729783565,0.624113651,0.517725611,0.606510426
-9.5,-9.5,5,0.583282264,0.586971229,0.865296358,0.487839607
-9.5,-9.5,5.1,0.585211456,0.586347566,0.849373973,0.530400802
-9.5,-9.5,5.2,0.587751716,0.595711994,0.8252472,0.570959249
-9.5,-9.5,5.3,0.594734117,0.60685149,0.794479094,0.59811128
-9.5,-9.5,5.4,0.61181907,0.611000032,0.76433361,0.584945825
-9.5,-9.5,5.5,0.638462033,0.599179071,0.742242634,0.561756353
-9.5,-9.5,5.6,0.662661588,0.598748983,0.726255611,0.622654477
-9.5,-9.5,5.7,0.681688329,0.614359278,0.706747978,0.671734765
-9.5,-9.5,5.8,0.695686289,0.627465159,0.675635056,0.695880508
-9.5,-9.5,5.9,0.704329629,0.630795568,0.630189684,0.713895688
-9.5,-9.5,6,0.708580377,0.622426388,0.571350256,0.735731486
-9.5,-9.5,6.1,0.709056546,0.609245629,0.501890786,0.75581748
-9.5,-9.5,6.2,0.705169773,0.608053989,0.418205819,0.739537411
-9.5,-9.5,6.3,0.706387207,0.626232951,0.347433705,0.698954196
-9.5,-9.5,6.4,0.723684737,0.632735756,0.391940172,0.734371772
-9.5,-9.5,6.5,0.73924484,0.630301571,0.422031002,0.757055385
-9.5,-9.5,6.6,0.748023447,0.622766503,0.431228321,0.759105912
-9.5,-9.5,6.7,0.748493554,0.619085781,0.436385613,0.751467815
-9.5,-9.5,6.8,0.741293058,0.625085099,0.453233205,0.745106368
-9.5,-9.5,6.9,0.729550291,0.636664349,0.489780317,0.744104705
-9.5,-9.5,7,0.715852295,0.643411238,0.579759935,0.714867915
-9.5,-9.5,7.1,0.727346582,0.637043629,0.716312802,0.667633931
-9.5,-9.5,7.2,0.7444115,0.633534023,0.756779833,0.673340483
-9.5,-9.5,7.3,0.755405905,0.631983595,0.768485581,0.6698421
-9.5,-9.5,7.4,0.762757694,0.634724895,0.768827873,0.657304929
-9.5,-9.5,7.5,0.764577834,0.636115431,0.759570918,0.639140903
-9.5,-9.5,7.6,0.759266754,0.631048713,0.74351832,0.619988552
-9.5,-9.5,7.7,0.74767739,0.620151196,0.728564033,0.605792596
-9.5,-9.5,7.8,0.740293923,0.610000571,0.760417078,0.565121106
-9.5,-9.5,7.9,0.752558052,0.619080372,0.783468119,0.524231281
-9.5,-9.5,8,0.754530565,0.631939796,0.768488004,0.507398837
-9.5,-9.5,8.1,0.753382551,0.639483205,0.746071289,0.487506108
-9.5,-9.5,8.2,0.75051214,0.637334934,0.712862102,0.468938419
-9.5,-9.5,8.3,0.744009808,0.62635258,0.66502655,0.453287027
-9.5,-9.5,8.4,0.731708627,0.614384903,0.603050884,0.441749624
-9.5,-9.5,8.5,0.713610668,0.612725218,0.534496311,0.43931899
-9.5,-9.5,8.6,0.706848428,0.616764209,0.474509296,0.416784189
-9.5,-9.5,8.7,0.704773901,0.614243178,0.439230301,0.407043014
-9.5,-9.5,8.8,0.698322046,0.607908474,0.426548612,0.397634321
-9.5,-9.5,8.9,0.690040319,0.599954129,0.416202981,0.381189252
-9.5,-9.5,9,0.680361878,0.598823488,0.397207144,0.365846605
-9.5,-9.5,9.1,0.668338619,0.604553298,0.373286015,0.356775883
-9.5,-9.5,9.2,0.652511464,0.610938913,0.360505392,0.355457458
-9.5,-9.5,9.3,0.635946578,0.609869105,0.404690719,0.365908154
-9.5,-9.5,9.4,0.632788491,0.602192143,0.495625031,0.36915736
-9.5,-9.5,9.5,0.634967593,0.597860884,0.564196048,0.395172872
-9.5,-9.5,9.6,0.638651905,0.601447844,0.596037706,0.427380956
-9.5,-9.5,9.7,0.642119956,0.607218778,0.602749533,0.450598843
-9.5,-9.5,9.8,0.644703659,0.60959734,0.600173562,0.464039053
-9.5,-9.5,9.9,0.64593028,0.604219581,0.599389429,0.471413437
-9.5,-9.5,10,0.645252718,0.592771448,0.610180083,0.476724533
-9.5,-9.5,10.1,0.650276666,0.590641738,0.668528452,0.485543526
-9.5,-9.5,10.2,0.661937513,0.60382654,0.719144187,0.483413701
-9.5,-9.5,10.3,0.674007209,0.614384243,0.740590122,0.50012602
-9.5,-9.5,10.4,0.684438805,0.617137165,0.729694292,0.537904823
-9.5,-9.5,10.5,0.695131268,0.614487954,0.70334331,0.575133382
-9.5,-9.5,10.6,0.705616029,0.610421608,0.667423429,0.602857571
-9.5,-9.5,10.7,0.712853713,0.611740786,0.623593273,0.61969439
-9.5,-9.5,10.8,0.716093712,0.620269468,0.582490274,0.628618462
-9.5,-9.5,10.9,0.722603856,0.626778172,0.547415901,0.626704389
-9.5,-9.5,11,0.72979238,0.624117933,0.517735244,0.603913886
